Key,0__a__5__p_e_r_s_o_n_a_s,1_0_1__a__2_5_0__p_e_r_s_o_n_a_s,1_1__a__3_0__p_e_r_s_o_n_a_s,2_5_1__y__m_รก_s__p_e_r_s_o_n_a_s,3_1__a__5_0__p_e_r_s_o_n_a_s,5_1__a__1_0_0__p_e_r_s_o_n_a_s,6__a__1_0__p_e_r_s_o_n_a_s
01001,36486.0,195.0,2179.0,122.0,412.0,305.0,2828.0
01002,651.0,1.0,19.0,2.0,4.0,5.0,22.0
01003,1827.0,4.0,67.0,3.0,10.0,7.0,79.0
01004,329.0,0.0,11.0,2.0,6.0,0.0,10.0
01005,3553.0,27.0,202.0,20.0,53.0,48.0,286.0
01006,1549.0,2.0,59.0,3.0,10.0,9.0,68.0
01007,1818.0,5.0,64.0,5.0,11.0,7.0,95.0
01008,268.0,0.0,11.0,1.0,4.0,0.0,22.0
01009,363.0,0.0,16.0,2.0,4.0,1.0,2.0
01010,285.0,1.0,9.0,1.0,4.0,2.0,17.0
01011,843.0,7.0,39.0,14.0,11.0,10.0,45.0
02001,16660.0,74.0,1127.0,71.0,236.0,195.0,1496.0
02002,26036.0,214.0,2204.0,173.0,481.0,315.0,2788.0
02003,3010.0,25.0,245.0,22.0,55.0,50.0,306.0
02004,43895.0,371.0,3464.0,311.0,744.0,602.0,4679.0
02005,3385.0,14.0,207.0,10.0,47.0,20.0,341.0
03001,3147.0,12.0,192.0,6.0,25.0,16.0,300.0
03002,2370.0,18.0,148.0,5.0,23.0,7.0,242.0
03003,10389.0,79.0,893.0,32.0,160.0,145.0,1108.0
03008,9824.0,65.0,681.0,58.0,130.0,89.0,972.0
03009,767.0,4.0,61.0,1.0,9.0,4.0,94.0
04001,2979.0,6.0,92.0,4.0,15.0,8.0,123.0
04002,11857.0,78.0,881.0,45.0,177.0,148.0,1051.0
04003,9275.0,49.0,642.0,56.0,143.0,103.0,766.0
04004,3156.0,14.0,139.0,7.0,23.0,10.0,234.0
04005,1075.0,4.0,45.0,1.0,10.0,4.0,58.0
04006,841.0,2.0,50.0,0.0,8.0,4.0,38.0
04007,306.0,0.0,26.0,0.0,1.0,1.0,17.0
04008,385.0,1.0,22.0,2.0,7.0,4.0,44.0
04009,2264.0,7.0,111.0,2.0,20.0,17.0,125.0
04010,465.0,1.0,30.0,1.0,8.0,4.0,50.0
04011,845.0,3.0,28.0,1.0,7.0,1.0,50.0
05001,40.0,0.0,2.0,0.0,0.0,1.0,5.0
05002,3843.0,26.0,241.0,35.0,51.0,37.0,318.0
05003,776.0,1.0,37.0,1.0,9.0,2.0,67.0
05004,364.0,3.0,39.0,4.0,6.0,6.0,84.0
05005,74.0,0.0,5.0,0.0,0.0,1.0,5.0
05006,823.0,3.0,30.0,2.0,6.0,6.0,48.0
05007,449.0,2.0,26.0,0.0,5.0,3.0,45.0
05008,22.0,0.0,0.0,0.0,1.0,0.0,3.0
05009,1777.0,4.0,71.0,4.0,11.0,15.0,108.0
05010,2195.0,16.0,95.0,19.0,22.0,25.0,149.0
05011,237.0,1.0,10.0,0.0,4.0,2.0,17.0
05012,42.0,0.0,3.0,0.0,1.0,0.0,6.0
05013,63.0,0.0,4.0,0.0,0.0,1.0,8.0
05014,197.0,1.0,6.0,0.0,2.0,1.0,12.0
05015,41.0,0.0,2.0,0.0,0.0,1.0,2.0
05016,83.0,0.0,2.0,0.0,0.0,0.0,10.0
05017,2692.0,13.0,116.0,4.0,18.0,19.0,160.0
05018,8021.0,52.0,510.0,26.0,102.0,83.0,738.0
05019,245.0,2.0,16.0,0.0,5.0,0.0,25.0
05020,2143.0,5.0,110.0,8.0,18.0,17.0,147.0
05021,172.0,1.0,4.0,0.0,1.0,0.0,10.0
05022,840.0,3.0,45.0,3.0,9.0,8.0,58.0
05023,272.0,0.0,16.0,1.0,2.0,2.0,15.0
05024,1277.0,5.0,58.0,4.0,15.0,10.0,102.0
05025,5097.0,42.0,346.0,35.0,73.0,56.0,467.0
05026,22.0,0.0,2.0,0.0,1.0,0.0,0.0
05027,2081.0,29.0,199.0,68.0,44.0,33.0,256.0
05028,2120.0,14.0,141.0,8.0,26.0,25.0,201.0
05029,85.0,0.0,10.0,0.0,0.0,0.0,8.0
05030,22311.0,163.0,1605.0,116.0,304.0,262.0,2247.0
05031,883.0,2.0,22.0,1.0,5.0,3.0,39.0
05032,1413.0,5.0,60.0,3.0,16.0,14.0,120.0
05033,2381.0,8.0,108.0,11.0,17.0,17.0,180.0
05034,205.0,0.0,15.0,2.0,0.0,1.0,7.0
05035,22723.0,204.0,1632.0,119.0,339.0,236.0,2258.0
05036,137.0,0.0,12.0,0.0,2.0,0.0,11.0
05037,206.0,0.0,9.0,0.0,5.0,2.0,9.0
05038,433.0,0.0,26.0,2.0,2.0,1.0,31.0
06001,1136.0,1.0,69.0,2.0,11.0,4.0,82.0
06002,9307.0,65.0,717.0,30.0,145.0,128.0,963.0
06003,835.0,3.0,39.0,1.0,8.0,9.0,57.0
06004,728.0,2.0,28.0,1.0,6.0,0.0,40.0
06005,1048.0,0.0,44.0,1.0,12.0,2.0,63.0
06006,239.0,2.0,10.0,0.0,2.0,2.0,12.0
06007,6920.0,46.0,575.0,25.0,124.0,85.0,834.0
06008,326.0,1.0,15.0,1.0,3.0,1.0,15.0
06009,4447.0,8.0,251.0,10.0,48.0,46.0,374.0
06010,4380.0,13.0,180.0,4.0,31.0,30.0,307.0
07001,596.0,2.0,21.0,0.0,5.0,2.0,44.0
07002,1314.0,1.0,44.0,1.0,8.0,6.0,51.0
07003,855.0,4.0,26.0,1.0,2.0,4.0,36.0
07004,989.0,2.0,21.0,0.0,2.0,2.0,37.0
07005,247.0,2.0,10.0,1.0,4.0,2.0,8.0
07006,295.0,0.0,14.0,1.0,1.0,0.0,14.0
07007,793.0,1.0,13.0,1.0,2.0,2.0,15.0
07008,1250.0,1.0,26.0,2.0,2.0,4.0,38.0
07009,2243.0,3.0,73.0,4.0,19.0,18.0,106.0
07010,52.0,1.0,1.0,0.0,0.0,0.0,1.0
07011,173.0,0.0,7.0,0.0,0.0,0.0,2.0
07012,1987.0,3.0,43.0,1.0,6.0,7.0,76.0
07013,1174.0,5.0,38.0,1.0,6.0,4.0,60.0
07014,308.0,0.0,15.0,0.0,0.0,0.0,10.0
07015,1263.0,1.0,41.0,1.0,10.0,1.0,56.0
07016,302.0,2.0,26.0,0.0,10.0,2.0,8.0
07017,3372.0,3.0,98.0,3.0,17.0,13.0,129.0
07018,291.0,1.0,9.0,0.0,2.0,1.0,13.0
07019,10148.0,17.0,269.0,8.0,47.0,37.0,418.0
07020,857.0,4.0,34.0,1.0,6.0,6.0,32.0
07021,819.0,0.0,19.0,1.0,4.0,2.0,35.0
07022,185.0,0.0,6.0,0.0,2.0,2.0,7.0
07023,614.0,1.0,9.0,0.0,0.0,1.0,9.0
07024,286.0,0.0,9.0,0.0,3.0,0.0,21.0
07025,148.0,1.0,2.0,0.0,0.0,0.0,2.0
07026,345.0,0.0,10.0,0.0,3.0,0.0,19.0
07027,2538.0,9.0,107.0,2.0,13.0,12.0,145.0
07028,220.0,1.0,3.0,0.0,0.0,0.0,4.0
07029,186.0,1.0,10.0,0.0,2.0,1.0,8.0
07030,979.0,1.0,22.0,1.0,2.0,3.0,30.0
07031,938.0,0.0,26.0,1.0,7.0,0.0,41.0
07032,1103.0,1.0,38.0,0.0,10.0,5.0,44.0
07033,30.0,0.0,2.0,0.0,0.0,1.0,4.0
07034,2725.0,1.0,89.0,2.0,18.0,8.0,98.0
07035,231.0,3.0,5.0,0.0,8.0,2.0,11.0
07036,197.0,1.0,8.0,0.0,0.0,0.0,4.0
07037,933.0,2.0,43.0,0.0,4.0,2.0,46.0
07038,73.0,0.0,4.0,0.0,1.0,0.0,7.0
07039,248.0,1.0,6.0,0.0,2.0,0.0,12.0
07040,3186.0,6.0,103.0,3.0,22.0,10.0,135.0
07041,862.0,2.0,26.0,4.0,10.0,13.0,31.0
07042,197.0,4.0,13.0,0.0,0.0,2.0,8.0
07043,266.0,1.0,14.0,0.0,1.0,1.0,12.0
07044,411.0,0.0,17.0,1.0,3.0,0.0,18.0
07045,62.0,1.0,3.0,0.0,0.0,0.0,3.0
07046,720.0,0.0,35.0,1.0,3.0,2.0,40.0
07047,306.0,0.0,13.0,0.0,0.0,0.0,6.0
07048,580.0,0.0,14.0,1.0,5.0,0.0,22.0
07049,421.0,0.0,10.0,0.0,2.0,2.0,7.0
07050,135.0,2.0,7.0,0.0,1.0,0.0,4.0
07051,1771.0,5.0,60.0,0.0,13.0,5.0,91.0
07052,2200.0,3.0,47.0,3.0,10.0,5.0,83.0
07053,90.0,2.0,2.0,0.0,0.0,0.0,2.0
07054,868.0,1.0,17.0,0.0,6.0,1.0,21.0
07055,196.0,2.0,12.0,1.0,3.0,1.0,10.0
07056,77.0,0.0,4.0,0.0,0.0,0.0,2.0
07057,2374.0,8.0,85.0,1.0,16.0,8.0,92.0
07058,2.0,0.0,0.0,0.0,0.0,0.0,0.0
07059,4634.0,4.0,177.0,3.0,22.0,11.0,222.0
07060,178.0,1.0,11.0,0.0,0.0,0.0,7.0
07061,2942.0,1.0,82.0,4.0,16.0,8.0,115.0
07062,253.0,2.0,9.0,1.0,1.0,0.0,5.0
07063,155.0,1.0,4.0,0.0,1.0,4.0,8.0
07064,729.0,1.0,13.0,0.0,2.0,1.0,34.0
07065,3345.0,9.0,173.0,4.0,29.0,22.0,191.0
07066,476.0,0.0,5.0,0.0,1.0,0.0,12.0
07067,131.0,0.0,8.0,0.0,0.0,1.0,10.0
07068,1156.0,2.0,48.0,1.0,13.0,6.0,66.0
07069,1776.0,2.0,42.0,1.0,7.0,6.0,83.0
07070,299.0,0.0,6.0,1.0,2.0,2.0,7.0
07071,728.0,2.0,17.0,1.0,11.0,6.0,25.0
07072,568.0,2.0,21.0,0.0,2.0,2.0,16.0
07073,356.0,1.0,21.0,0.0,0.0,1.0,18.0
07074,1601.0,1.0,65.0,1.0,3.0,8.0,82.0
07075,1170.0,0.0,18.0,2.0,7.0,4.0,46.0
07076,266.0,2.0,14.0,0.0,1.0,0.0,11.0
07077,494.0,0.0,21.0,1.0,3.0,2.0,25.0
07078,13236.0,23.0,436.0,9.0,77.0,41.0,646.0
07079,763.0,1.0,13.0,0.0,6.0,0.0,23.0
07080,520.0,0.0,12.0,1.0,2.0,1.0,10.0
07081,1085.0,0.0,22.0,0.0,8.0,1.0,53.0
07082,147.0,0.0,4.0,1.0,0.0,1.0,4.0
07083,359.0,1.0,10.0,0.0,2.0,0.0,5.0
07084,116.0,1.0,6.0,0.0,0.0,0.0,9.0
07085,327.0,1.0,12.0,1.0,3.0,0.0,22.0
07086,1032.0,0.0,26.0,0.0,6.0,3.0,29.0
07087,1499.0,2.0,56.0,0.0,10.0,5.0,78.0
07088,63.0,0.0,4.0,0.0,0.0,1.0,3.0
07089,15481.0,52.0,647.0,29.0,130.0,98.0,910.0
07090,119.0,0.0,9.0,0.0,0.0,1.0,10.0
07091,592.0,1.0,23.0,0.0,3.0,1.0,30.0
07092,1212.0,4.0,44.0,1.0,6.0,2.0,41.0
07093,272.0,1.0,8.0,0.0,2.0,0.0,9.0
07094,1265.0,2.0,39.0,1.0,7.0,1.0,47.0
07096,1084.0,2.0,50.0,0.0,3.0,4.0,38.0
07097,3806.0,15.0,136.0,11.0,33.0,21.0,198.0
07098,223.0,1.0,8.0,0.0,0.0,1.0,5.0
07099,1228.0,1.0,37.0,0.0,5.0,4.0,60.0
07100,244.0,4.0,15.0,0.0,0.0,3.0,9.0
07101,32670.0,162.0,1763.0,87.0,342.0,231.0,2213.0
07102,613.0,2.0,29.0,1.0,4.0,4.0,34.0
07103,322.0,1.0,9.0,0.0,5.0,2.0,17.0
07104,435.0,1.0,12.0,0.0,2.0,1.0,12.0
07105,391.0,0.0,17.0,0.0,3.0,1.0,19.0
07106,2225.0,2.0,75.0,4.0,13.0,8.0,92.0
07107,2794.0,2.0,72.0,0.0,14.0,9.0,84.0
07108,4635.0,6.0,157.0,5.0,24.0,17.0,225.0
07109,1458.0,2.0,54.0,4.0,12.0,7.0,84.0
07110,232.0,1.0,4.0,0.0,1.0,1.0,5.0
07111,874.0,0.0,20.0,0.0,2.0,0.0,44.0
07112,338.0,1.0,5.0,0.0,2.0,0.0,15.0
07113,77.0,0.0,4.0,0.0,1.0,0.0,9.0
07114,634.0,1.0,19.0,0.0,2.0,2.0,26.0
07115,202.0,0.0,9.0,0.0,0.0,1.0,8.0
07116,211.0,0.0,7.0,0.0,1.0,2.0,8.0
07117,175.0,1.0,3.0,0.0,0.0,0.0,7.0
07118,86.0,0.0,4.0,0.0,1.0,0.0,4.0
07119,53.0,0.0,4.0,0.0,0.0,0.0,3.0
08001,424.0,1.0,31.0,2.0,5.0,3.0,24.0
08002,663.0,0.0,34.0,4.0,10.0,4.0,45.0
08003,277.0,2.0,6.0,0.0,3.0,1.0,10.0
08004,177.0,1.0,12.0,2.0,2.0,2.0,14.0
08005,868.0,1.0,33.0,3.0,6.0,3.0,42.0
08006,123.0,0.0,9.0,0.0,1.0,0.0,3.0
08007,204.0,1.0,12.0,0.0,2.0,0.0,10.0
08008,60.0,0.0,2.0,0.0,1.0,2.0,4.0
08009,939.0,1.0,58.0,0.0,6.0,5.0,63.0
08010,907.0,1.0,52.0,6.0,5.0,2.0,53.0
08011,1983.0,5.0,106.0,5.0,20.0,19.0,138.0
08012,111.0,0.0,6.0,0.0,0.0,1.0,6.0
08013,168.0,0.0,11.0,0.0,4.0,1.0,11.0
08014,76.0,0.0,4.0,0.0,0.0,0.0,6.0
08015,50.0,0.0,1.0,0.0,0.0,1.0,6.0
08016,91.0,0.0,5.0,0.0,0.0,0.0,4.0
08017,6290.0,29.0,432.0,20.0,79.0,53.0,543.0
08018,26.0,0.0,2.0,0.0,0.0,1.0,2.0
08019,26582.0,273.0,2317.0,188.0,471.0,338.0,2899.0
08020,90.0,0.0,6.0,0.0,0.0,0.0,9.0
08021,5909.0,37.0,401.0,24.0,72.0,44.0,472.0
08022,47.0,0.0,1.0,0.0,0.0,0.0,4.0
08023,44.0,0.0,0.0,1.0,0.0,0.0,3.0
08024,137.0,0.0,5.0,0.0,0.0,0.0,14.0
08025,238.0,0.0,16.0,1.0,2.0,2.0,13.0
08026,46.0,0.0,2.0,0.0,0.0,0.0,3.0
08027,879.0,2.0,32.0,1.0,10.0,4.0,56.0
08028,104.0,0.0,5.0,0.0,2.0,1.0,9.0
08029,510.0,2.0,14.0,0.0,6.0,0.0,26.0
08030,146.0,0.0,8.0,0.0,0.0,0.0,7.0
08031,1094.0,1.0,51.0,0.0,9.0,3.0,51.0
08032,5299.0,16.0,335.0,16.0,67.0,32.0,439.0
08033,25.0,0.0,2.0,0.0,0.0,1.0,2.0
08034,173.0,0.0,12.0,1.0,0.0,0.0,10.0
08035,157.0,0.0,6.0,0.0,0.0,2.0,11.0
08036,1588.0,6.0,84.0,4.0,10.0,9.0,102.0
08037,33012.0,285.0,2255.0,302.0,447.0,348.0,2849.0
08038,95.0,0.0,7.0,0.0,2.0,0.0,4.0
08039,124.0,0.0,5.0,0.0,0.0,0.0,13.0
08040,891.0,1.0,48.0,4.0,7.0,5.0,72.0
08041,43.0,0.0,3.0,0.0,0.0,1.0,8.0
08042,58.0,0.0,3.0,0.0,0.0,0.0,9.0
08043,112.0,0.0,2.0,1.0,1.0,0.0,5.0
08044,121.0,1.0,6.0,0.0,0.0,2.0,7.0
08045,1331.0,2.0,52.0,4.0,10.0,9.0,74.0
08046,40.0,0.0,1.0,0.0,0.0,1.0,4.0
08047,118.0,0.0,3.0,0.0,0.0,0.0,8.0
08048,728.0,0.0,34.0,0.0,4.0,1.0,35.0
08049,84.0,0.0,2.0,0.0,0.0,0.0,7.0
08050,2429.0,17.0,166.0,11.0,28.0,14.0,203.0
08051,59.0,1.0,0.0,0.0,0.0,0.0,6.0
08052,1219.0,5.0,65.0,3.0,11.0,9.0,84.0
08053,161.0,2.0,10.0,0.0,0.0,0.0,9.0
08054,52.0,1.0,1.0,0.0,1.0,0.0,3.0
08055,302.0,0.0,12.0,0.0,3.0,0.0,9.0
08056,43.0,0.0,1.0,0.0,1.0,0.0,4.0
08057,79.0,0.0,4.0,0.0,0.0,0.0,5.0
08058,57.0,0.0,4.0,0.0,1.0,0.0,4.0
08059,206.0,1.0,12.0,2.0,3.0,2.0,14.0
08060,417.0,0.0,17.0,3.0,2.0,2.0,22.0
08061,56.0,0.0,4.0,0.0,0.0,1.0,5.0
08062,820.0,1.0,34.0,2.0,3.0,6.0,56.0
08063,119.0,0.0,5.0,0.0,0.0,0.0,3.0
08064,63.0,0.0,1.0,0.0,0.0,0.0,4.0
08065,117.0,0.0,2.0,0.0,1.0,0.0,9.0
08066,85.0,0.0,4.0,0.0,1.0,0.0,6.0
08067,194.0,0.0,8.0,0.0,0.0,0.0,15.0
09002,15671.0,158.0,999.0,147.0,288.0,213.0,1094.0
09003,20571.0,222.0,1311.0,175.0,295.0,261.0,1727.0
09004,5883.0,87.0,401.0,64.0,112.0,93.0,537.0
09005,44989.0,184.0,1919.0,117.0,442.0,347.0,2405.0
09006,16303.0,109.0,803.0,52.0,193.0,175.0,935.0
09007,72489.0,269.0,2534.0,149.0,503.0,440.0,3315.0
09008,6153.0,26.0,249.0,21.0,45.0,45.0,324.0
09009,6106.0,11.0,140.0,6.0,24.0,25.0,201.0
09010,18461.0,231.0,1336.0,184.0,354.0,304.0,1534.0
09011,15359.0,31.0,425.0,20.0,99.0,53.0,566.0
09012,23517.0,122.0,1054.0,102.0,222.0,223.0,1398.0
09013,18324.0,50.0,458.0,31.0,77.0,80.0,615.0
09014,18299.0,326.0,2715.0,247.0,668.0,531.0,3361.0
09015,57354.0,502.0,4064.0,390.0,892.0,775.0,6303.0
09016,17821.0,508.0,2730.0,389.0,837.0,660.0,2877.0
09017,29345.0,103.0,1048.0,102.0,216.0,176.0,1521.0
10001,883.0,0.0,32.0,2.0,6.0,4.0,36.0
10002,119.0,0.0,0.0,0.0,0.0,1.0,5.0
10003,67.0,0.0,3.0,0.0,0.0,0.0,3.0
10004,1028.0,3.0,37.0,3.0,4.0,2.0,45.0
10005,22949.0,159.0,1513.0,75.0,281.0,199.0,1797.0
10006,115.0,1.0,5.0,0.0,0.0,0.0,3.0
10007,9428.0,95.0,699.0,56.0,157.0,123.0,769.0
10008,1777.0,1.0,62.0,3.0,14.0,5.0,77.0
10009,203.0,0.0,4.0,0.0,3.0,1.0,14.0
10010,47.0,0.0,3.0,1.0,0.0,0.0,4.0
10011,74.0,1.0,1.0,0.0,1.0,1.0,7.0
10012,3176.0,18.0,199.0,7.0,37.0,32.0,254.0
10013,871.0,3.0,33.0,0.0,5.0,3.0,44.0
10014,126.0,1.0,6.0,0.0,3.0,0.0,13.0
10015,300.0,1.0,10.0,0.0,1.0,0.0,10.0
10016,363.0,0.0,7.0,1.0,4.0,1.0,24.0
10017,330.0,0.0,15.0,0.0,2.0,0.0,11.0
10018,527.0,1.0,17.0,0.0,2.0,4.0,24.0
10019,65.0,0.0,1.0,0.0,0.0,0.0,3.0
10020,417.0,0.0,10.0,1.0,3.0,1.0,17.0
10021,338.0,0.0,12.0,0.0,2.0,0.0,14.0
10022,754.0,0.0,20.0,0.0,3.0,4.0,32.0
10023,1398.0,4.0,97.0,1.0,20.0,17.0,116.0
10024,465.0,1.0,20.0,0.0,3.0,1.0,29.0
10025,51.0,0.0,2.0,0.0,0.0,1.0,4.0
10026,300.0,1.0,12.0,1.0,2.0,0.0,17.0
10027,167.0,1.0,3.0,0.0,0.0,0.0,5.0
10028,293.0,1.0,7.0,0.0,1.0,1.0,14.0
10029,99.0,0.0,3.0,0.0,0.0,1.0,11.0
10030,41.0,0.0,0.0,0.0,0.0,0.0,5.0
10031,249.0,1.0,5.0,0.0,1.0,0.0,11.0
10032,1910.0,4.0,85.0,5.0,13.0,12.0,110.0
10033,254.0,0.0,10.0,0.0,2.0,0.0,9.0
10034,191.0,0.0,5.0,0.0,3.0,3.0,8.0
10035,483.0,0.0,15.0,0.0,3.0,1.0,37.0
10036,559.0,0.0,21.0,3.0,3.0,2.0,29.0
10037,161.0,0.0,8.0,0.0,1.0,0.0,5.0
10038,1554.0,1.0,41.0,1.0,6.0,4.0,60.0
10039,929.0,0.0,36.0,2.0,6.0,5.0,56.0
11001,1928.0,7.0,75.0,3.0,16.0,13.0,106.0
11002,5300.0,7.0,122.0,3.0,19.0,13.0,193.0
11003,5468.0,20.0,214.0,4.0,32.0,27.0,332.0
11004,2775.0,1.0,51.0,0.0,6.0,7.0,82.0
11005,2415.0,5.0,70.0,9.0,16.0,15.0,135.0
11006,53.0,0.0,1.0,0.0,1.0,1.0,4.0
11007,21339.0,111.0,1001.0,67.0,169.0,146.0,1429.0
11008,1187.0,5.0,24.0,1.0,7.0,6.0,46.0
11009,2535.0,5.0,68.0,3.0,7.0,8.0,99.0
11010,555.0,0.0,10.0,0.0,5.0,2.0,16.0
11011,4132.0,13.0,104.0,7.0,18.0,18.0,174.0
11012,1298.0,1.0,17.0,0.0,7.0,4.0,42.0
11013,452.0,0.0,11.0,1.0,5.0,0.0,23.0
11014,4409.0,7.0,193.0,5.0,29.0,16.0,308.0
11015,5660.0,37.0,393.0,27.0,106.0,79.0,459.0
11016,642.0,0.0,12.0,0.0,5.0,1.0,35.0
11017,22314.0,89.0,998.0,74.0,206.0,147.0,1343.0
11018,1640.0,1.0,31.0,1.0,8.0,7.0,62.0
11019,1059.0,4.0,21.0,0.0,6.0,2.0,40.0
11020,68261.0,389.0,3815.0,237.0,749.0,533.0,5283.0
11021,5722.0,3.0,120.0,0.0,13.0,16.0,246.0
11022,620.0,0.0,17.0,1.0,0.0,3.0,35.0
11023,4240.0,12.0,142.0,6.0,26.0,12.0,191.0
11024,525.0,1.0,7.0,1.0,6.0,0.0,28.0
11025,2375.0,23.0,124.0,8.0,43.0,22.0,192.0
11026,1750.0,3.0,39.0,0.0,3.0,4.0,56.0
11027,10145.0,37.0,376.0,18.0,69.0,44.0,531.0
11028,4566.0,5.0,126.0,3.0,15.0,18.0,160.0
11029,760.0,0.0,20.0,0.0,1.0,4.0,39.0
11030,2732.0,5.0,100.0,1.0,14.0,10.0,118.0
11031,6799.0,29.0,431.0,8.0,83.0,40.0,613.0
11032,3274.0,10.0,108.0,14.0,20.0,12.0,171.0
11033,3820.0,14.0,119.0,1.0,18.0,11.0,150.0
11034,215.0,0.0,9.0,0.0,1.0,0.0,9.0
11035,3094.0,3.0,72.0,3.0,8.0,8.0,104.0
11036,317.0,0.0,9.0,0.0,4.0,2.0,10.0
11037,5390.0,21.0,205.0,27.0,40.0,37.0,316.0
11038,581.0,0.0,15.0,0.0,2.0,2.0,23.0
11039,1364.0,2.0,28.0,0.0,6.0,5.0,51.0
11040,256.0,0.0,8.0,0.0,1.0,2.0,7.0
11041,5117.0,5.0,77.0,3.0,13.0,13.0,161.0
11042,4310.0,8.0,134.0,1.0,21.0,14.0,173.0
11043,339.0,1.0,13.0,0.0,1.0,0.0,16.0
11044,2456.0,13.0,64.0,7.0,13.0,7.0,89.0
11045,256.0,0.0,9.0,0.0,1.0,1.0,10.0
11046,2621.0,5.0,63.0,0.0,16.0,7.0,77.0
12001,32390.0,128.0,1500.0,66.0,335.0,244.0,2005.0
12002,319.0,0.0,8.0,0.0,3.0,0.0,11.0
12003,1075.0,1.0,43.0,1.0,6.0,1.0,39.0
12004,219.0,0.0,9.0,0.0,0.0,1.0,4.0
12005,299.0,0.0,10.0,0.0,2.0,0.0,14.0
12006,452.0,1.0,18.0,0.0,2.0,0.0,20.0
12007,1484.0,2.0,56.0,1.0,14.0,4.0,77.0
12008,252.0,1.0,9.0,0.0,0.0,0.0,9.0
12009,105.0,0.0,5.0,0.0,1.0,0.0,2.0
12010,252.0,1.0,6.0,0.0,1.0,1.0,8.0
12011,2141.0,6.0,55.0,4.0,21.0,12.0,92.0
12012,1311.0,4.0,31.0,0.0,7.0,3.0,56.0
12013,411.0,1.0,8.0,0.0,0.0,0.0,13.0
12014,569.0,1.0,14.0,0.0,4.0,1.0,16.0
12015,565.0,2.0,17.0,0.0,2.0,1.0,25.0
12016,177.0,1.0,5.0,0.0,1.0,0.0,14.0
12017,375.0,2.0,12.0,0.0,4.0,0.0,20.0
12018,542.0,1.0,60.0,0.0,3.0,2.0,76.0
12019,1036.0,1.0,9.0,0.0,0.0,1.0,30.0
12020,149.0,0.0,3.0,0.0,1.0,0.0,7.0
12021,1692.0,2.0,45.0,2.0,11.0,8.0,85.0
12022,639.0,3.0,27.0,1.0,2.0,6.0,33.0
12023,1299.0,2.0,31.0,0.0,4.0,4.0,57.0
12024,174.0,0.0,9.0,0.0,0.0,1.0,8.0
12025,215.0,0.0,8.0,1.0,0.0,2.0,5.0
12026,153.0,0.0,5.0,0.0,0.0,1.0,3.0
12027,563.0,1.0,8.0,0.0,2.0,0.0,12.0
12028,6729.0,6.0,109.0,2.0,17.0,10.0,171.0
12029,13104.0,50.0,577.0,39.0,152.0,114.0,707.0
12030,961.0,4.0,22.0,2.0,7.0,1.0,42.0
12031,143.0,1.0,11.0,0.0,2.0,0.0,2.0
12032,634.0,1.0,15.0,0.0,1.0,3.0,28.0
12033,572.0,1.0,12.0,0.0,3.0,1.0,24.0
12034,1793.0,0.0,42.0,2.0,6.0,6.0,57.0
12035,8624.0,20.0,311.0,16.0,50.0,40.0,391.0
12036,367.0,0.0,7.0,0.0,0.0,1.0,14.0
12037,283.0,0.0,5.0,0.0,0.0,2.0,2.0
12038,6814.0,28.0,288.0,20.0,57.0,41.0,492.0
12039,937.0,2.0,21.0,2.0,3.0,5.0,35.0
12040,1924.0,1.0,26.0,0.0,4.0,2.0,48.0
12041,77.0,0.0,5.0,0.0,1.0,0.0,1.0
12042,847.0,0.0,10.0,0.0,1.0,2.0,16.0
12043,241.0,2.0,6.0,0.0,1.0,0.0,17.0
12044,338.0,0.0,10.0,0.0,3.0,0.0,13.0
12045,903.0,1.0,25.0,0.0,2.0,3.0,62.0
12046,3730.0,7.0,92.0,5.0,18.0,9.0,151.0
12047,84.0,0.0,3.0,0.0,0.0,1.0,2.0
12048,2187.0,5.0,44.0,2.0,13.0,7.0,67.0
12049,535.0,1.0,9.0,0.0,0.0,0.0,7.0
12050,2946.0,6.0,87.0,4.0,16.0,14.0,142.0
12051,760.0,1.0,20.0,0.0,1.0,1.0,18.0
12052,1678.0,1.0,37.0,0.0,2.0,4.0,53.0
12053,1959.0,2.0,46.0,0.0,8.0,3.0,58.0
12054,360.0,1.0,12.0,0.0,1.0,1.0,17.0
12055,9653.0,7.0,148.0,6.0,23.0,12.0,253.0
12056,538.0,0.0,25.0,0.0,4.0,2.0,32.0
12057,2963.0,3.0,79.0,1.0,10.0,8.0,120.0
12058,1915.0,0.0,58.0,2.0,10.0,10.0,69.0
12059,469.0,2.0,24.0,0.0,3.0,1.0,19.0
12060,278.0,0.0,5.0,0.0,0.0,1.0,8.0
12061,2554.0,1.0,48.0,0.0,10.0,4.0,88.0
12062,739.0,1.0,10.0,0.0,1.0,0.0,14.0
12063,112.0,0.0,8.0,0.0,1.0,0.0,2.0
12064,368.0,1.0,11.0,0.0,3.0,0.0,12.0
12065,233.0,0.0,5.0,0.0,0.0,0.0,5.0
12066,3843.0,9.0,103.0,4.0,14.0,10.0,193.0
12067,933.0,1.0,20.0,0.0,7.0,4.0,40.0
12068,545.0,0.0,13.0,0.0,1.0,2.0,37.0
12069,217.0,1.0,7.0,0.0,0.0,1.0,5.0
12070,358.0,0.0,5.0,0.0,0.0,2.0,5.0
12071,1177.0,0.0,10.0,0.0,2.0,0.0,21.0
12072,113.0,0.0,5.0,0.0,0.0,2.0,5.0
12073,381.0,1.0,10.0,0.0,2.0,1.0,10.0
12074,1934.0,1.0,13.0,0.0,1.0,1.0,122.0
12075,2890.0,4.0,61.0,2.0,11.0,4.0,108.0
12076,199.0,0.0,4.0,0.0,0.0,2.0,6.0
12077,784.0,1.0,16.0,1.0,0.0,1.0,30.0
12078,98.0,0.0,4.0,0.0,0.0,1.0,11.0
12079,180.0,0.0,6.0,0.0,0.0,0.0,4.0
12080,300.0,0.0,4.0,0.0,1.0,1.0,8.0
12081,225.0,0.0,6.0,0.0,0.0,0.0,5.0
13001,255.0,1.0,5.0,0.0,0.0,0.0,3.0
13002,869.0,0.0,21.0,0.0,4.0,3.0,26.0
13003,3954.0,3.0,109.0,3.0,19.0,13.0,149.0
13004,278.0,0.0,7.0,0.0,2.0,0.0,8.0
13005,804.0,1.0,17.0,1.0,3.0,0.0,18.0
13006,351.0,1.0,6.0,0.0,2.0,0.0,9.0
13007,312.0,0.0,9.0,0.0,2.0,3.0,10.0
13008,2087.0,1.0,49.0,2.0,13.0,2.0,78.0
13009,236.0,1.0,4.0,0.0,2.0,1.0,9.0
13010,1352.0,6.0,36.0,9.0,4.0,8.0,37.0
13011,344.0,1.0,14.0,0.0,4.0,2.0,17.0
13012,1099.0,2.0,26.0,1.0,7.0,2.0,33.0
13013,1563.0,2.0,46.0,2.0,12.0,8.0,74.0
13014,482.0,1.0,13.0,0.0,0.0,1.0,22.0
13015,105.0,1.0,12.0,0.0,1.0,0.0,10.0
13016,1720.0,0.0,32.0,0.0,8.0,5.0,78.0
13017,249.0,0.0,13.0,0.0,1.0,0.0,8.0
13018,438.0,1.0,8.0,0.0,1.0,0.0,10.0
13019,142.0,1.0,6.0,0.0,2.0,0.0,7.0
13020,60.0,0.0,4.0,0.0,2.0,0.0,6.0
13021,687.0,2.0,9.0,0.0,6.0,1.0,21.0
13022,203.0,2.0,7.0,0.0,1.0,0.0,6.0
13023,1780.0,1.0,30.0,1.0,6.0,3.0,58.0
13024,215.0,0.0,6.0,0.0,3.0,1.0,18.0
13025,384.0,3.0,8.0,0.0,4.0,0.0,18.0
13026,83.0,0.0,4.0,0.0,1.0,0.0,8.0
13027,373.0,0.0,12.0,0.0,2.0,0.0,15.0
13028,4701.0,8.0,112.0,6.0,19.0,21.0,205.0
13029,1519.0,2.0,53.0,3.0,10.0,9.0,61.0
13030,4872.0,4.0,130.0,2.0,24.0,13.0,182.0
13031,548.0,2.0,17.0,0.0,3.0,0.0,16.0
13032,646.0,1.0,6.0,0.0,1.0,0.0,16.0
13033,67.0,0.0,6.0,0.0,1.0,0.0,2.0
13034,33.0,1.0,4.0,0.0,0.0,1.0,1.0
13035,230.0,0.0,8.0,0.0,1.0,0.0,14.0
13036,181.0,1.0,10.0,0.0,1.0,1.0,8.0
13037,373.0,1.0,13.0,0.0,3.0,1.0,21.0
13038,91.0,1.0,7.0,0.0,0.0,1.0,0.0
13039,814.0,0.0,30.0,0.0,4.0,1.0,30.0
13040,81.0,1.0,5.0,0.0,0.0,0.0,3.0
13041,2407.0,4.0,54.0,2.0,9.0,9.0,77.0
13042,416.0,0.0,23.0,0.0,2.0,2.0,22.0
13043,95.0,1.0,3.0,0.0,0.0,0.0,3.0
13044,193.0,0.0,4.0,0.0,2.0,1.0,9.0
13045,139.0,1.0,9.0,0.0,1.0,0.0,3.0
13046,1040.0,0.0,27.0,0.0,4.0,3.0,41.0
13047,43.0,1.0,1.0,0.0,0.0,1.0,1.0
13048,17889.0,107.0,956.0,50.0,225.0,157.0,1175.0
13049,238.0,0.0,5.0,1.0,0.0,0.0,1.0
13050,1594.0,7.0,33.0,0.0,7.0,6.0,46.0
13051,5198.0,24.0,168.0,5.0,35.0,31.0,248.0
13052,793.0,2.0,16.0,3.0,4.0,1.0,39.0
13053,363.0,1.0,10.0,1.0,1.0,4.0,13.0
13054,664.0,0.0,14.0,0.0,2.0,0.0,23.0
13055,160.0,2.0,6.0,0.0,2.0,0.0,4.0
13056,1083.0,0.0,25.0,2.0,7.0,6.0,36.0
13057,347.0,2.0,11.0,0.0,2.0,1.0,15.0
13058,535.0,1.0,10.0,0.0,6.0,1.0,17.0
13059,636.0,1.0,9.0,1.0,2.0,2.0,27.0
13060,345.0,0.0,10.0,0.0,4.0,1.0,12.0
13061,2656.0,7.0,100.0,8.0,22.0,22.0,156.0
13062,93.0,1.0,3.0,0.0,1.0,0.0,5.0
13063,2854.0,13.0,96.0,14.0,11.0,13.0,140.0
13064,140.0,2.0,8.0,0.0,2.0,0.0,6.0
13065,502.0,1.0,8.0,0.0,4.0,0.0,7.0
13066,624.0,0.0,9.0,1.0,4.0,1.0,35.0
13067,2325.0,1.0,43.0,0.0,7.0,3.0,63.0
13068,118.0,1.0,4.0,0.0,1.0,0.0,3.0
13069,4696.0,23.0,193.0,15.0,43.0,39.0,210.0
13070,1111.0,0.0,26.0,0.0,8.0,4.0,56.0
13071,63.0,0.0,2.0,0.0,0.0,0.0,10.0
13072,402.0,3.0,19.0,1.0,3.0,0.0,10.0
13073,410.0,1.0,7.0,1.0,1.0,0.0,23.0
13074,1904.0,0.0,50.0,0.0,6.0,4.0,79.0
13075,698.0,1.0,21.0,0.0,0.0,1.0,32.0
13076,5190.0,23.0,215.0,18.0,46.0,26.0,290.0
13077,9924.0,16.0,311.0,11.0,63.0,32.0,471.0
13078,167.0,2.0,1.0,0.0,2.0,1.0,3.0
13079,75.0,0.0,8.0,0.0,0.0,0.0,5.0
13080,349.0,2.0,6.0,1.0,1.0,1.0,12.0
13081,1567.0,6.0,49.0,1.0,8.0,10.0,66.0
13082,1090.0,1.0,22.0,1.0,2.0,2.0,43.0
13083,977.0,1.0,18.0,0.0,10.0,4.0,24.0
13084,1389.0,1.0,32.0,4.0,8.0,5.0,52.0
14001,867.0,0.0,24.0,0.0,3.0,3.0,49.0
14002,1023.0,1.0,38.0,2.0,6.0,6.0,52.0
14003,1085.0,0.0,30.0,1.0,4.0,5.0,61.0
14004,165.0,0.0,6.0,0.0,0.0,0.0,10.0
14005,637.0,0.0,19.0,1.0,3.0,1.0,32.0
14006,2872.0,5.0,101.0,6.0,24.0,14.0,173.0
14007,344.0,0.0,13.0,0.0,1.0,1.0,20.0
14008,3797.0,4.0,119.0,2.0,21.0,19.0,221.0
14009,764.0,0.0,23.0,0.0,2.0,1.0,37.0
14010,258.0,0.0,14.0,0.0,1.0,0.0,11.0
14011,134.0,0.0,8.0,0.0,0.0,0.0,4.0
14012,177.0,0.0,6.0,0.0,0.0,0.0,13.0
14013,2389.0,6.0,71.0,5.0,14.0,15.0,140.0
14014,333.0,0.0,9.0,0.0,0.0,0.0,22.0
14015,2890.0,2.0,137.0,6.0,35.0,11.0,229.0
14016,1616.0,1.0,53.0,0.0,4.0,2.0,85.0
14017,603.0,1.0,12.0,0.0,2.0,0.0,30.0
14018,2623.0,3.0,79.0,2.0,15.0,10.0,138.0
14019,125.0,0.0,3.0,0.0,1.0,1.0,5.0
14020,216.0,1.0,16.0,0.0,1.0,0.0,14.0
14021,1076.0,3.0,25.0,1.0,4.0,7.0,55.0
14022,2282.0,6.0,56.0,1.0,6.0,13.0,150.0
14023,5702.0,23.0,259.0,10.0,49.0,37.0,452.0
14024,1194.0,2.0,44.0,1.0,6.0,8.0,78.0
14025,1177.0,2.0,29.0,0.0,8.0,2.0,56.0
14026,387.0,0.0,5.0,0.0,0.0,0.0,17.0
14027,205.0,1.0,5.0,0.0,0.0,2.0,11.0
14028,105.0,0.0,4.0,0.0,0.0,1.0,8.0
14029,493.0,0.0,8.0,0.0,2.0,1.0,19.0
14030,2817.0,8.0,116.0,1.0,18.0,12.0,191.0
14031,57.0,1.0,4.0,0.0,0.0,0.0,6.0
14032,160.0,0.0,9.0,0.0,0.0,1.0,9.0
14033,988.0,1.0,23.0,1.0,4.0,1.0,62.0
14034,78.0,0.0,2.0,0.0,0.0,0.0,6.0
14035,2011.0,0.0,74.0,1.0,6.0,7.0,105.0
14036,1118.0,0.0,37.0,0.0,3.0,1.0,39.0
14037,1580.0,0.0,49.0,0.0,18.0,5.0,102.0
14038,121.0,0.0,5.0,0.0,0.0,0.0,7.0
14039,84130.0,508.0,5615.0,369.0,1058.0,789.0,7715.0
14040,204.0,0.0,7.0,0.0,2.0,0.0,13.0
14041,359.0,0.0,10.0,0.0,0.0,1.0,14.0
14042,515.0,1.0,11.0,0.0,3.0,0.0,18.0
14043,597.0,2.0,18.0,2.0,5.0,5.0,39.0
14044,1003.0,5.0,26.0,2.0,8.0,3.0,50.0
14045,657.0,0.0,19.0,0.0,4.0,1.0,29.0
14046,1491.0,0.0,53.0,1.0,13.0,5.0,56.0
14047,1112.0,0.0,45.0,2.0,3.0,2.0,66.0
14048,692.0,0.0,17.0,2.0,2.0,1.0,24.0
14049,101.0,0.0,2.0,0.0,0.0,0.0,4.0
14050,1544.0,3.0,50.0,1.0,12.0,8.0,102.0
14051,467.0,2.0,12.0,0.0,3.0,2.0,19.0
14052,257.0,0.0,6.0,0.0,1.0,0.0,18.0
14053,5777.0,16.0,267.0,13.0,34.0,32.0,372.0
14054,205.0,0.0,10.0,0.0,0.0,0.0,9.0
14055,973.0,1.0,32.0,2.0,5.0,2.0,49.0
14056,62.0,0.0,1.0,0.0,0.0,0.0,6.0
14057,255.0,0.0,6.0,0.0,0.0,0.0,5.0
14058,714.0,0.0,22.0,0.0,4.0,4.0,39.0
14059,861.0,0.0,23.0,1.0,2.0,3.0,42.0
14060,238.0,0.0,5.0,0.0,1.0,0.0,10.0
14061,197.0,0.0,9.0,0.0,0.0,0.0,10.0
14062,132.0,0.0,2.0,0.0,0.0,0.0,8.0
14063,5118.0,14.0,215.0,8.0,43.0,40.0,309.0
14064,1171.0,2.0,30.0,3.0,7.0,1.0,50.0
14065,498.0,0.0,15.0,0.0,6.0,2.0,19.0
14066,1848.0,3.0,63.0,3.0,9.0,10.0,90.0
14067,11543.0,64.0,720.0,41.0,133.0,91.0,1149.0
14068,485.0,0.0,8.0,0.0,1.0,0.0,32.0
14069,121.0,0.0,7.0,0.0,1.0,0.0,5.0
14070,5758.0,32.0,244.0,28.0,37.0,39.0,313.0
14071,63.0,0.0,5.0,0.0,0.0,1.0,4.0
14072,303.0,0.0,8.0,0.0,1.0,1.0,20.0
14073,3724.0,5.0,100.0,6.0,14.0,9.0,182.0
14074,860.0,0.0,27.0,0.0,8.0,1.0,40.0
14075,207.0,1.0,7.0,0.0,0.0,0.0,10.0
14076,153.0,0.0,5.0,0.0,2.0,2.0,12.0
14077,1141.0,2.0,34.0,1.0,1.0,4.0,60.0
14078,1517.0,2.0,42.0,3.0,6.0,6.0,93.0
14079,704.0,0.0,20.0,0.0,3.0,4.0,38.0
14080,88.0,0.0,6.0,0.0,0.0,1.0,9.0
14081,113.0,0.0,6.0,0.0,1.0,1.0,7.0
14082,1680.0,2.0,51.0,1.0,11.0,6.0,91.0
14083,2949.0,2.0,74.0,3.0,14.0,10.0,168.0
14084,772.0,0.0,20.0,0.0,4.0,2.0,32.0
14085,1362.0,5.0,60.0,1.0,5.0,6.0,107.0
14086,740.0,2.0,21.0,0.0,2.0,1.0,42.0
14087,808.0,0.0,21.0,0.0,3.0,1.0,30.0
14088,658.0,1.0,20.0,0.0,5.0,1.0,36.0
14089,94.0,0.0,5.0,0.0,1.0,0.0,5.0
14090,414.0,0.0,13.0,0.0,1.0,1.0,17.0
14091,1649.0,1.0,39.0,2.0,6.0,4.0,82.0
14092,279.0,0.0,13.0,0.0,1.0,2.0,24.0
14093,6828.0,18.0,300.0,9.0,42.0,51.0,479.0
14094,2326.0,5.0,72.0,0.0,17.0,17.0,118.0
14095,268.0,0.0,7.0,0.0,3.0,1.0,13.0
14096,809.0,0.0,12.0,0.0,4.0,1.0,45.0
14097,11438.0,69.0,548.0,43.0,119.0,92.0,699.0
14098,19266.0,90.0,926.0,57.0,191.0,132.0,1180.0
14099,222.0,1.0,12.0,0.0,0.0,0.0,10.0
14100,1062.0,2.0,31.0,1.0,4.0,2.0,40.0
14101,17016.0,28.0,518.0,11.0,90.0,58.0,834.0
14102,283.0,0.0,11.0,0.0,1.0,1.0,22.0
14103,336.0,1.0,14.0,0.0,0.0,1.0,15.0
14104,124.0,0.0,6.0,0.0,0.0,1.0,7.0
14105,900.0,0.0,16.0,0.0,7.0,2.0,43.0
14106,133.0,1.0,5.0,0.0,1.0,0.0,8.0
14107,223.0,0.0,4.0,0.0,1.0,0.0,14.0
14108,1716.0,0.0,35.0,1.0,10.0,2.0,66.0
14109,497.0,2.0,13.0,2.0,3.0,1.0,23.0
14110,560.0,0.0,15.0,0.0,2.0,3.0,37.0
14111,308.0,0.0,19.0,0.0,1.0,0.0,14.0
14112,387.0,0.0,9.0,0.0,0.0,0.0,22.0
14113,355.0,1.0,16.0,0.0,1.0,2.0,19.0
14114,855.0,1.0,15.0,0.0,7.0,4.0,44.0
14115,274.0,0.0,10.0,0.0,0.0,0.0,12.0
14116,1905.0,0.0,24.0,0.0,2.0,1.0,101.0
14117,159.0,0.0,4.0,0.0,0.0,0.0,11.0
14118,1191.0,0.0,28.0,1.0,5.0,3.0,55.0
14119,1216.0,2.0,23.0,0.0,4.0,3.0,54.0
14120,40268.0,311.0,2893.0,190.0,556.0,492.0,3856.0
14121,1419.0,2.0,42.0,0.0,7.0,2.0,78.0
14122,185.0,1.0,6.0,0.0,2.0,1.0,14.0
14123,330.0,2.0,8.0,2.0,2.0,0.0,16.0
14124,3427.0,3.0,65.0,2.0,13.0,9.0,175.0
14125,823.0,1.0,18.0,1.0,2.0,1.0,31.0
15001,1159.0,1.0,28.0,1.0,6.0,7.0,40.0
15002,5895.0,6.0,122.0,4.0,20.0,4.0,172.0
15003,639.0,2.0,11.0,1.0,7.0,5.0,32.0
15004,442.0,0.0,12.0,0.0,1.0,0.0,13.0
15005,2620.0,3.0,89.0,1.0,8.0,9.0,101.0
15006,879.0,2.0,7.0,0.0,4.0,1.0,17.0
15007,353.0,0.0,8.0,0.0,4.0,0.0,19.0
15008,643.0,0.0,10.0,1.0,2.0,1.0,15.0
15009,2214.0,2.0,67.0,6.0,13.0,7.0,79.0
15010,1271.0,2.0,31.0,1.0,9.0,5.0,52.0
15011,2104.0,1.0,41.0,1.0,6.0,2.0,52.0
15012,601.0,3.0,23.0,0.0,1.0,2.0,46.0
15013,14752.0,61.0,509.0,29.0,98.0,85.0,701.0
15014,4620.0,24.0,201.0,16.0,32.0,28.0,251.0
15015,1110.0,0.0,23.0,1.0,6.0,1.0,30.0
15016,830.0,1.0,19.0,0.0,3.0,1.0,40.0
15017,139.0,0.0,4.0,0.0,1.0,2.0,5.0
15018,1931.0,1.0,34.0,1.0,2.0,0.0,63.0
15019,2077.0,3.0,25.0,0.0,7.0,8.0,91.0
15020,8889.0,21.0,320.0,19.0,70.0,41.0,414.0
15021,823.0,3.0,18.0,0.0,6.0,0.0,29.0
15022,526.0,1.0,5.0,0.0,5.0,1.0,8.0
15023,1595.0,1.0,21.0,1.0,8.0,3.0,40.0
15024,4025.0,18.0,179.0,24.0,28.0,28.0,234.0
15025,13163.0,28.0,389.0,10.0,63.0,48.0,553.0
15026,568.0,2.0,11.0,0.0,3.0,2.0,25.0
15027,440.0,2.0,11.0,0.0,3.0,0.0,13.0
15028,840.0,1.0,18.0,1.0,5.0,3.0,34.0
15029,6053.0,9.0,159.0,1.0,30.0,11.0,188.0
15030,2390.0,0.0,19.0,0.0,5.0,2.0,64.0
15031,25688.0,10.0,441.0,4.0,72.0,38.0,643.0
15032,406.0,0.0,12.0,1.0,3.0,1.0,21.0
15033,67040.0,141.0,1581.0,93.0,320.0,237.0,2407.0
15034,333.0,2.0,9.0,0.0,4.0,0.0,7.0
15035,3205.0,10.0,81.0,8.0,10.0,8.0,98.0
15036,1444.0,3.0,35.0,0.0,4.0,0.0,51.0
15037,6002.0,32.0,214.0,9.0,54.0,38.0,351.0
15038,285.0,0.0,7.0,0.0,1.0,0.0,6.0
15039,15565.0,34.0,403.0,17.0,58.0,45.0,574.0
15040,1630.0,0.0,56.0,2.0,13.0,13.0,87.0
15041,113.0,0.0,2.0,0.0,1.0,0.0,5.0
15042,5229.0,8.0,141.0,6.0,30.0,14.0,171.0
15043,998.0,1.0,8.0,0.0,3.0,2.0,17.0
15044,878.0,0.0,19.0,1.0,6.0,0.0,32.0
15045,1994.0,5.0,77.0,5.0,17.0,14.0,100.0
15046,417.0,1.0,12.0,0.0,3.0,1.0,9.0
15047,738.0,0.0,9.0,0.0,4.0,1.0,23.0
15048,1674.0,0.0,52.0,7.0,11.0,3.0,45.0
15049,615.0,1.0,11.0,0.0,4.0,1.0,13.0
15050,974.0,1.0,15.0,1.0,4.0,2.0,29.0
15051,5184.0,72.0,246.0,49.0,85.0,64.0,288.0
15052,1396.0,1.0,20.0,1.0,5.0,1.0,52.0
15053,1647.0,4.0,44.0,1.0,5.0,4.0,49.0
15054,10005.0,50.0,554.0,34.0,121.0,92.0,708.0
15055,657.0,0.0,11.0,0.0,2.0,1.0,21.0
15056,871.0,2.0,23.0,1.0,3.0,0.0,23.0
15057,25379.0,217.0,1161.0,119.0,322.0,270.0,1501.0
15058,45741.0,68.0,982.0,32.0,214.0,115.0,1663.0
15059,886.0,2.0,29.0,0.0,2.0,0.0,30.0
15060,12470.0,16.0,276.0,8.0,40.0,25.0,403.0
15061,395.0,1.0,9.0,0.0,1.0,1.0,18.0
15062,3153.0,6.0,61.0,3.0,12.0,15.0,111.0
15063,819.0,2.0,18.0,0.0,6.0,0.0,36.0
15064,727.0,1.0,25.0,0.0,6.0,4.0,32.0
15065,1430.0,2.0,29.0,1.0,9.0,2.0,48.0
15066,155.0,0.0,7.0,0.0,2.0,0.0,4.0
15067,2247.0,1.0,45.0,1.0,12.0,4.0,76.0
15068,1510.0,2.0,24.0,2.0,8.0,4.0,55.0
15069,221.0,0.0,8.0,0.0,4.0,1.0,6.0
15070,10860.0,29.0,321.0,15.0,56.0,38.0,454.0
15071,441.0,2.0,13.0,0.0,4.0,2.0,13.0
15072,523.0,0.0,11.0,2.0,5.0,1.0,15.0
15073,1218.0,2.0,22.0,3.0,2.0,3.0,20.0
15074,2655.0,0.0,52.0,1.0,7.0,7.0,78.0
15075,1023.0,2.0,20.0,0.0,4.0,6.0,40.0
15076,5812.0,6.0,74.0,1.0,18.0,9.0,126.0
15077,82.0,1.0,5.0,0.0,0.0,0.0,4.0
15078,149.0,0.0,2.0,0.0,2.0,0.0,3.0
15079,279.0,1.0,9.0,1.0,2.0,2.0,15.0
15080,312.0,2.0,12.0,0.0,8.0,0.0,21.0
15081,14450.0,25.0,356.0,11.0,45.0,36.0,494.0
15082,2446.0,7.0,77.0,3.0,19.0,11.0,109.0
15083,357.0,1.0,8.0,0.0,1.0,2.0,9.0
15084,1454.0,0.0,30.0,1.0,4.0,0.0,37.0
15085,1902.0,0.0,39.0,2.0,11.0,8.0,62.0
15086,284.0,1.0,7.0,1.0,4.0,1.0,24.0
15087,2148.0,0.0,44.0,1.0,8.0,2.0,69.0
15088,3789.0,4.0,97.0,6.0,16.0,11.0,177.0
15089,357.0,0.0,7.0,0.0,2.0,1.0,18.0
15090,4254.0,3.0,101.0,3.0,24.0,10.0,128.0
15091,2756.0,0.0,53.0,2.0,11.0,4.0,86.0
15092,2601.0,3.0,77.0,3.0,11.0,7.0,108.0
15093,780.0,1.0,16.0,1.0,2.0,1.0,20.0
15094,770.0,2.0,19.0,1.0,5.0,5.0,28.0
15095,3157.0,22.0,127.0,23.0,30.0,24.0,170.0
15096,1559.0,4.0,36.0,1.0,3.0,4.0,62.0
15097,401.0,2.0,8.0,0.0,2.0,0.0,19.0
15098,344.0,0.0,6.0,0.0,4.0,2.0,8.0
15099,10278.0,31.0,381.0,14.0,78.0,49.0,539.0
15100,1708.0,2.0,21.0,3.0,5.0,3.0,39.0
15101,3557.0,7.0,80.0,8.0,16.0,27.0,122.0
15102,194.0,0.0,8.0,1.0,2.0,0.0,9.0
15103,1466.0,3.0,40.0,1.0,9.0,3.0,58.0
15104,23656.0,223.0,1131.0,144.0,268.0,225.0,1464.0
15105,281.0,0.0,5.0,1.0,4.0,0.0,12.0
15106,40327.0,239.0,1666.0,164.0,434.0,372.0,2141.0
15107,692.0,2.0,18.0,0.0,3.0,1.0,23.0
15108,4469.0,4.0,70.0,3.0,18.0,7.0,106.0
15109,16193.0,57.0,418.0,50.0,76.0,63.0,574.0
15110,2868.0,7.0,123.0,4.0,25.0,15.0,187.0
15111,525.0,0.0,10.0,0.0,7.0,2.0,20.0
15112,1013.0,1.0,23.0,0.0,5.0,1.0,59.0
15113,1256.0,2.0,29.0,2.0,5.0,4.0,41.0
15114,794.0,2.0,17.0,3.0,6.0,1.0,21.0
15115,2387.0,1.0,24.0,1.0,9.0,5.0,54.0
15116,223.0,0.0,6.0,0.0,0.0,1.0,4.0
15117,341.0,1.0,7.0,1.0,3.0,0.0,13.0
15118,5680.0,12.0,129.0,7.0,35.0,17.0,165.0
15119,309.0,1.0,7.0,0.0,1.0,0.0,1.0
15120,6026.0,9.0,188.0,3.0,21.0,15.0,286.0
15121,15652.0,107.0,606.0,99.0,172.0,156.0,778.0
15122,15234.0,9.0,274.0,8.0,51.0,20.0,413.0
15123,716.0,1.0,14.0,1.0,4.0,1.0,25.0
15124,635.0,1.0,18.0,0.0,3.0,0.0,28.0
15125,367.0,0.0,7.0,0.0,1.0,0.0,8.0
16001,585.0,1.0,10.0,0.0,3.0,1.0,11.0
16002,714.0,0.0,16.0,0.0,4.0,1.0,35.0
16003,606.0,0.0,18.0,0.0,0.0,3.0,22.0
16004,508.0,0.0,12.0,0.0,1.0,1.0,17.0
16005,314.0,1.0,8.0,0.0,2.0,1.0,13.0
16006,5956.0,10.0,204.0,7.0,32.0,23.0,359.0
16007,165.0,1.0,6.0,0.0,0.0,0.0,6.0
16008,156.0,0.0,12.0,1.0,2.0,0.0,14.0
16009,1396.0,1.0,34.0,1.0,6.0,7.0,67.0
16010,819.0,1.0,29.0,0.0,11.0,3.0,42.0
16011,311.0,0.0,9.0,0.0,3.0,0.0,15.0
16012,1629.0,2.0,44.0,0.0,5.0,3.0,96.0
16013,251.0,1.0,7.0,0.0,0.0,0.0,14.0
16014,414.0,1.0,12.0,0.0,2.0,3.0,25.0
16015,790.0,3.0,23.0,1.0,5.0,1.0,39.0
16016,682.0,1.0,11.0,0.0,3.0,1.0,29.0
16017,365.0,2.0,7.0,1.0,2.0,0.0,8.0
16018,197.0,1.0,6.0,0.0,1.0,0.0,4.0
16019,866.0,1.0,25.0,0.0,8.0,2.0,41.0
16020,1500.0,2.0,42.0,1.0,3.0,7.0,48.0
16021,1191.0,0.0,16.0,0.0,3.0,4.0,36.0
16022,358.0,0.0,13.0,0.0,4.0,0.0,17.0
16023,386.0,1.0,13.0,0.0,2.0,0.0,14.0
16024,1824.0,1.0,25.0,0.0,3.0,4.0,35.0
16025,2579.0,1.0,32.0,0.0,2.0,3.0,68.0
16026,88.0,1.0,1.0,0.0,0.0,0.0,4.0
16027,113.0,0.0,3.0,1.0,0.0,1.0,4.0
16028,250.0,0.0,6.0,0.0,1.0,1.0,10.0
16029,544.0,0.0,16.0,1.0,4.0,1.0,26.0
16030,377.0,2.0,8.0,0.0,7.0,1.0,15.0
16031,208.0,1.0,3.0,0.0,2.0,0.0,9.0
16032,230.0,1.0,16.0,0.0,2.0,0.0,11.0
16033,662.0,1.0,17.0,1.0,4.0,1.0,32.0
16034,7821.0,5.0,165.0,5.0,22.0,13.0,316.0
16035,1163.0,2.0,35.0,0.0,17.0,9.0,61.0
16036,550.0,0.0,15.0,0.0,2.0,0.0,21.0
16037,235.0,0.0,10.0,0.0,1.0,1.0,9.0
16038,1719.0,5.0,58.0,2.0,9.0,5.0,89.0
16039,200.0,1.0,5.0,0.0,1.0,0.0,8.0
16040,751.0,1.0,11.0,1.0,4.0,0.0,27.0
16041,611.0,1.0,11.0,0.0,1.0,0.0,14.0
16042,363.0,0.0,7.0,0.0,0.0,1.0,16.0
16043,2137.0,10.0,69.0,9.0,15.0,16.0,95.0
16044,418.0,1.0,9.0,0.0,1.0,2.0,17.0
16045,1899.0,8.0,57.0,0.0,14.0,1.0,91.0
16046,319.0,1.0,5.0,0.0,2.0,0.0,6.0
16047,413.0,0.0,13.0,0.0,1.0,2.0,7.0
16048,207.0,0.0,8.0,0.0,1.0,1.0,7.0
16049,473.0,2.0,8.0,0.0,5.0,0.0,25.0
16050,2849.0,4.0,95.0,2.0,19.0,14.0,121.0
16051,751.0,1.0,23.0,1.0,3.0,1.0,38.0
16052,7702.0,35.0,477.0,17.0,85.0,57.0,570.0
16053,39584.0,180.0,1882.0,99.0,392.0,329.0,2348.0
16054,266.0,0.0,4.0,0.0,1.0,0.0,8.0
16055,2231.0,2.0,58.0,1.0,7.0,1.0,116.0
16056,1730.0,0.0,23.0,1.0,5.0,2.0,49.0
16057,251.0,3.0,10.0,0.0,2.0,0.0,10.0
16058,2272.0,3.0,27.0,0.0,2.0,2.0,52.0
16059,145.0,0.0,4.0,0.0,0.0,0.0,7.0
16060,361.0,0.0,12.0,0.0,1.0,1.0,10.0
16061,442.0,1.0,16.0,0.0,0.0,0.0,19.0
16062,907.0,1.0,14.0,0.0,1.0,0.0,24.0
16063,427.0,0.0,9.0,0.0,3.0,2.0,11.0
16064,665.0,0.0,17.0,0.0,5.0,0.0,27.0
16065,2744.0,4.0,55.0,2.0,8.0,2.0,84.0
16066,5393.0,8.0,165.0,5.0,26.0,23.0,255.0
16067,410.0,0.0,10.0,0.0,2.0,0.0,12.0
16068,1033.0,2.0,37.0,0.0,6.0,5.0,41.0
16069,5379.0,25.0,187.0,15.0,42.0,33.0,335.0
16070,1044.0,3.0,43.0,1.0,11.0,4.0,47.0
16071,2764.0,2.0,80.0,4.0,10.0,10.0,117.0
16072,576.0,0.0,14.0,0.0,3.0,1.0,20.0
16073,3349.0,0.0,36.0,0.0,11.0,3.0,77.0
16074,386.0,0.0,8.0,0.0,1.0,1.0,12.0
16075,3367.0,5.0,90.0,4.0,9.0,10.0,126.0
16076,5116.0,8.0,155.0,4.0,24.0,16.0,291.0
16077,527.0,3.0,20.0,0.0,3.0,1.0,19.0
16078,596.0,0.0,9.0,0.0,3.0,0.0,9.0
16079,1845.0,1.0,42.0,1.0,9.0,3.0,83.0
16080,256.0,1.0,4.0,0.0,2.0,0.0,7.0
16081,45.0,0.0,1.0,0.0,0.0,1.0,2.0
16082,2190.0,5.0,70.0,1.0,9.0,17.0,110.0
16083,698.0,2.0,21.0,0.0,2.0,2.0,24.0
16084,1081.0,2.0,24.0,0.0,0.0,0.0,35.0
16085,1638.0,1.0,43.0,2.0,6.0,6.0,56.0
16086,581.0,0.0,14.0,1.0,3.0,0.0,22.0
16087,434.0,1.0,11.0,1.0,1.0,0.0,20.0
16088,1314.0,5.0,48.0,2.0,10.0,7.0,55.0
16089,1147.0,2.0,40.0,0.0,4.0,3.0,61.0
16090,1278.0,2.0,34.0,0.0,6.0,2.0,36.0
16091,627.0,0.0,20.0,1.0,3.0,2.0,24.0
16092,278.0,0.0,5.0,0.0,2.0,1.0,15.0
16093,552.0,1.0,14.0,0.0,6.0,0.0,31.0
16094,259.0,0.0,7.0,0.0,0.0,0.0,5.0
16095,494.0,0.0,12.0,1.0,3.0,0.0,16.0
16096,202.0,0.0,6.0,0.0,0.0,0.0,10.0
16097,888.0,0.0,22.0,0.0,2.0,0.0,35.0
16098,845.0,2.0,13.0,0.0,5.0,1.0,31.0
16099,360.0,1.0,6.0,0.0,0.0,1.0,10.0
16100,1029.0,1.0,18.0,0.0,4.0,0.0,26.0
16101,75.0,1.0,5.0,0.0,0.0,0.0,1.0
16102,20228.0,60.0,675.0,25.0,93.0,71.0,993.0
16103,1194.0,0.0,19.0,1.0,2.0,0.0,49.0
16104,379.0,1.0,10.0,0.0,2.0,1.0,18.0
16105,714.0,0.0,15.0,0.0,2.0,2.0,37.0
16106,1824.0,0.0,47.0,3.0,6.0,3.0,73.0
16107,4369.0,5.0,133.0,11.0,30.0,12.0,171.0
16108,9413.0,29.0,406.0,20.0,102.0,65.0,576.0
16109,185.0,0.0,7.0,0.0,0.0,0.0,4.0
16110,1679.0,0.0,41.0,1.0,5.0,4.0,59.0
16111,523.0,1.0,21.0,0.0,1.0,3.0,24.0
16112,7176.0,15.0,188.0,7.0,32.0,26.0,262.0
16113,1011.0,0.0,21.0,0.0,5.0,0.0,33.0
17001,477.0,1.0,6.0,1.0,2.0,2.0,17.0
17002,650.0,1.0,12.0,1.0,5.0,5.0,18.0
17003,1852.0,1.0,32.0,2.0,3.0,4.0,87.0
17004,2468.0,5.0,53.0,9.0,5.0,9.0,82.0
17005,183.0,0.0,6.0,1.0,2.0,0.0,13.0
17006,13084.0,25.0,378.0,16.0,70.0,39.0,571.0
17007,21214.0,137.0,1110.0,59.0,271.0,198.0,1456.0
17008,3782.0,11.0,77.0,7.0,16.0,8.0,147.0
17009,923.0,2.0,16.0,0.0,3.0,2.0,30.0
17010,846.0,1.0,15.0,0.0,4.0,2.0,42.0
17011,9200.0,46.0,296.0,28.0,60.0,54.0,430.0
17012,4005.0,9.0,103.0,6.0,21.0,13.0,185.0
17013,815.0,1.0,21.0,0.0,5.0,1.0,49.0
17014,348.0,2.0,14.0,0.0,6.0,3.0,13.0
17015,1123.0,2.0,21.0,0.0,4.0,1.0,37.0
17016,562.0,1.0,7.0,0.0,1.0,1.0,26.0
17017,2913.0,3.0,70.0,1.0,8.0,14.0,109.0
17018,5184.0,7.0,124.0,3.0,15.0,12.0,205.0
17019,1311.0,0.0,30.0,1.0,3.0,3.0,33.0
17020,1548.0,2.0,35.0,0.0,8.0,5.0,82.0
17021,401.0,0.0,21.0,1.0,7.0,1.0,24.0
17022,1057.0,1.0,24.0,0.0,5.0,2.0,39.0
17023,161.0,1.0,7.0,0.0,1.0,0.0,4.0
17024,1975.0,2.0,35.0,1.0,11.0,5.0,60.0
17025,1034.0,1.0,23.0,2.0,0.0,3.0,33.0
17026,859.0,1.0,17.0,0.0,4.0,0.0,36.0
17027,322.0,0.0,13.0,0.0,1.0,1.0,17.0
17028,2809.0,4.0,62.0,2.0,11.0,5.0,135.0
17029,5207.0,9.0,145.0,2.0,25.0,10.0,204.0
17030,1789.0,5.0,37.0,3.0,5.0,4.0,56.0
17031,2007.0,4.0,55.0,5.0,10.0,8.0,91.0
17032,481.0,1.0,14.0,0.0,1.0,1.0,28.0
17033,866.0,1.0,21.0,0.0,6.0,1.0,41.0
18001,1416.0,4.0,62.0,2.0,13.0,8.0,90.0
18002,531.0,0.0,28.0,1.0,4.0,2.0,32.0
18003,255.0,0.0,13.0,0.0,2.0,1.0,17.0
18004,3924.0,5.0,148.0,1.0,20.0,11.0,224.0
18005,119.0,1.0,9.0,0.0,3.0,0.0,12.0
18006,1557.0,2.0,67.0,0.0,6.0,15.0,102.0
18007,767.0,0.0,26.0,0.0,4.0,1.0,41.0
18008,2060.0,3.0,57.0,2.0,7.0,8.0,84.0
18009,193.0,1.0,9.0,0.0,1.0,2.0,9.0
18010,549.0,3.0,20.0,3.0,5.0,4.0,28.0
18011,920.0,0.0,32.0,0.0,8.0,4.0,51.0
18012,1681.0,3.0,84.0,1.0,12.0,10.0,102.0
18013,299.0,0.0,5.0,0.0,2.0,1.0,14.0
18014,416.0,1.0,17.0,0.0,6.0,1.0,29.0
18015,3376.0,12.0,128.0,6.0,28.0,17.0,159.0
18016,1706.0,8.0,59.0,1.0,8.0,8.0,68.0
18017,19917.0,90.0,1087.0,50.0,229.0,176.0,1344.0
18018,1869.0,2.0,63.0,2.0,6.0,7.0,83.0
18019,34.0,0.0,0.0,0.0,0.0,0.0,2.0
18020,6164.0,19.0,247.0,23.0,36.0,33.0,452.0
19001,63.0,0.0,3.0,0.0,0.0,1.0,5.0
19002,100.0,1.0,8.0,0.0,1.0,0.0,8.0
19003,30.0,1.0,1.0,0.0,0.0,0.0,2.0
19004,1162.0,10.0,100.0,2.0,21.0,14.0,123.0
19005,691.0,1.0,40.0,1.0,7.0,3.0,45.0
19006,10102.0,147.0,815.0,142.0,197.0,128.0,941.0
19007,335.0,0.0,15.0,0.0,3.0,2.0,23.0
19008,199.0,0.0,11.0,0.0,1.0,0.0,14.0
19009,2661.0,16.0,172.0,9.0,37.0,20.0,245.0
19010,355.0,5.0,31.0,7.0,3.0,3.0,25.0
19011,327.0,1.0,24.0,2.0,5.0,3.0,23.0
19012,808.0,1.0,40.0,4.0,6.0,6.0,52.0
19013,464.0,4.0,30.0,0.0,3.0,2.0,27.0
19014,852.0,1.0,36.0,2.0,6.0,4.0,49.0
19015,39.0,0.0,3.0,0.0,0.0,0.0,2.0
19016,65.0,1.0,8.0,0.0,1.0,1.0,6.0
19017,524.0,2.0,32.0,1.0,7.0,1.0,48.0
19018,2709.0,21.0,185.0,10.0,53.0,33.0,183.0
19019,4259.0,106.0,849.0,67.0,187.0,165.0,1042.0
19020,204.0,1.0,15.0,2.0,0.0,0.0,13.0
19021,8206.0,55.0,563.0,43.0,99.0,88.0,562.0
19022,451.0,1.0,21.0,0.0,0.0,1.0,27.0
19023,49.0,1.0,1.0,0.0,0.0,0.0,6.0
19024,134.0,2.0,10.0,0.0,1.0,0.0,9.0
19025,1083.0,16.0,81.0,20.0,22.0,7.0,55.0
19026,17716.0,137.0,1347.0,87.0,303.0,212.0,1699.0
19027,83.0,0.0,2.0,0.0,1.0,0.0,4.0
19028,50.0,0.0,3.0,0.0,1.0,1.0,4.0
19029,217.0,0.0,9.0,0.0,2.0,1.0,12.0
19030,80.0,0.0,9.0,0.0,1.0,1.0,3.0
19031,4847.0,19.0,264.0,5.0,54.0,46.0,292.0
19032,252.0,0.0,16.0,0.0,1.0,2.0,11.0
19033,2564.0,8.0,154.0,9.0,37.0,14.0,177.0
19034,110.0,0.0,7.0,0.0,3.0,1.0,15.0
19035,22.0,0.0,1.0,0.0,0.0,0.0,5.0
19036,94.0,0.0,6.0,0.0,0.0,0.0,4.0
19037,135.0,0.0,8.0,0.0,2.0,0.0,10.0
19038,1852.0,7.0,106.0,16.0,25.0,11.0,162.0
19039,43383.0,505.0,4444.0,332.0,994.0,771.0,5660.0
19040,36.0,0.0,2.0,0.0,0.0,0.0,3.0
19041,442.0,6.0,34.0,2.0,5.0,7.0,50.0
19042,104.0,0.0,5.0,0.0,1.0,0.0,5.0
19043,45.0,0.0,2.0,0.0,0.0,0.0,5.0
19044,1601.0,8.0,90.0,3.0,11.0,8.0,135.0
19045,783.0,7.0,50.0,2.0,10.0,11.0,52.0
19046,12040.0,153.0,1126.0,91.0,214.0,174.0,1344.0
19047,481.0,0.0,32.0,0.0,7.0,4.0,36.0
19048,5108.0,77.0,483.0,68.0,117.0,124.0,514.0
19049,1415.0,5.0,101.0,1.0,18.0,16.0,168.0
19050,22.0,1.0,1.0,0.0,1.0,0.0,3.0
19051,175.0,0.0,11.0,1.0,0.0,0.0,11.0
20001,52.0,0.0,1.0,0.0,1.0,0.0,7.0
20002,1150.0,0.0,32.0,1.0,6.0,3.0,46.0
20003,66.0,0.0,1.0,0.0,1.0,0.0,2.0
20004,48.0,0.0,3.0,0.0,4.0,0.0,2.0
20005,416.0,1.0,14.0,2.0,3.0,0.0,23.0
20006,1756.0,2.0,40.0,1.0,9.0,5.0,77.0
20007,103.0,0.0,4.0,0.0,1.0,0.0,2.0
20008,15.0,0.0,1.0,0.0,0.0,0.0,2.0
20009,250.0,0.0,7.0,0.0,1.0,0.0,6.0
20010,346.0,6.0,19.0,5.0,8.0,5.0,18.0
20011,63.0,0.0,1.0,0.0,0.0,0.0,0.0
20012,234.0,0.0,6.0,0.0,0.0,1.0,5.0
20013,179.0,0.0,3.0,0.0,0.0,0.0,11.0
20014,1827.0,5.0,67.0,7.0,10.0,16.0,99.0
20015,64.0,0.0,5.0,0.0,1.0,0.0,1.0
20016,178.0,0.0,2.0,0.0,0.0,1.0,5.0
20017,21.0,0.0,0.0,0.0,0.0,0.0,2.0
20018,43.0,0.0,1.0,0.0,0.0,0.0,4.0
20019,37.0,0.0,1.0,0.0,0.0,0.0,3.0
20020,41.0,0.0,2.0,0.0,0.0,0.0,1.0
20021,565.0,1.0,15.0,0.0,0.0,1.0,18.0
20022,41.0,0.0,4.0,0.0,0.0,0.0,5.0
20023,699.0,0.0,12.0,0.0,1.0,4.0,16.0
20024,67.0,0.0,1.0,0.0,0.0,0.0,1.0
20025,646.0,2.0,15.0,0.0,3.0,0.0,45.0
20026,538.0,0.0,8.0,0.0,2.0,0.0,15.0
20027,63.0,0.0,2.0,0.0,1.0,0.0,0.0
20028,1047.0,0.0,28.0,1.0,4.0,1.0,34.0
20029,105.0,0.0,1.0,0.0,0.0,0.0,5.0
20030,428.0,1.0,14.0,0.0,1.0,2.0,24.0
20031,229.0,1.0,4.0,0.0,2.0,0.0,5.0
20032,38.0,0.0,1.0,0.0,0.0,0.0,0.0
20033,128.0,1.0,3.0,0.0,1.0,0.0,7.0
20034,64.0,1.0,2.0,0.0,2.0,0.0,4.0
20035,49.0,0.0,4.0,0.0,0.0,0.0,8.0
20036,74.0,0.0,3.0,0.0,0.0,0.0,2.0
20037,81.0,0.0,2.0,0.0,0.0,0.0,4.0
20038,161.0,0.0,3.0,0.0,0.0,1.0,6.0
20039,5961.0,12.0,192.0,2.0,17.0,19.0,258.0
20040,89.0,0.0,0.0,0.0,1.0,0.0,4.0
20041,1535.0,1.0,22.0,0.0,2.0,0.0,34.0
20042,299.0,0.0,15.0,0.0,3.0,4.0,23.0
20043,10075.0,12.0,238.0,6.0,43.0,26.0,330.0
20044,2032.0,4.0,62.0,0.0,7.0,7.0,75.0
20045,208.0,1.0,12.0,0.0,6.0,0.0,12.0
20046,111.0,0.0,3.0,0.0,1.0,0.0,3.0
20047,9.0,0.0,0.0,0.0,0.0,0.0,1.0
20048,11.0,0.0,1.0,0.0,0.0,1.0,1.0
20049,34.0,0.0,2.0,0.0,0.0,0.0,4.0
20050,110.0,0.0,2.0,0.0,0.0,0.0,6.0
20051,287.0,0.0,4.0,0.0,1.0,0.0,6.0
20052,263.0,0.0,5.0,0.0,2.0,1.0,12.0
20053,61.0,0.0,3.0,0.0,0.0,1.0,3.0
20054,22.0,0.0,4.0,0.0,0.0,0.0,0.0
20055,237.0,0.0,5.0,0.0,0.0,1.0,7.0
20056,77.0,0.0,0.0,0.0,0.0,0.0,3.0
20057,2567.0,3.0,65.0,1.0,12.0,12.0,138.0
20058,74.0,0.0,1.0,0.0,1.0,0.0,3.0
20059,2414.0,2.0,54.0,3.0,7.0,8.0,104.0
20060,41.0,0.0,3.0,0.0,0.0,0.0,2.0
20061,50.0,0.0,1.0,0.0,0.0,0.0,4.0
20062,45.0,0.0,0.0,0.0,0.0,0.0,3.0
20063,275.0,0.0,7.0,0.0,1.0,3.0,9.0
20064,99.0,0.0,6.0,0.0,1.0,0.0,3.0
20065,57.0,0.0,2.0,0.0,0.0,0.0,6.0
20066,228.0,0.0,8.0,0.0,4.0,2.0,7.0
20067,24908.0,102.0,1330.0,44.0,263.0,190.0,1654.0
20068,1676.0,0.0,28.0,0.0,7.0,6.0,55.0
20069,45.0,0.0,3.0,0.0,0.0,0.0,1.0
20070,153.0,0.0,7.0,0.0,0.0,2.0,4.0
20071,75.0,0.0,4.0,0.0,1.0,0.0,3.0
20072,124.0,0.0,6.0,0.0,0.0,0.0,5.0
20073,1283.0,1.0,27.0,1.0,5.0,2.0,54.0
20074,20.0,0.0,1.0,0.0,0.0,0.0,0.0
20075,174.0,0.0,9.0,0.0,0.0,1.0,6.0
20076,98.0,0.0,5.0,0.0,0.0,0.0,3.0
20077,97.0,0.0,5.0,0.0,0.0,0.0,4.0
20078,58.0,0.0,0.0,0.0,0.0,0.0,3.0
20079,4814.0,10.0,229.0,6.0,32.0,24.0,274.0
20080,72.0,0.0,0.0,0.0,0.0,0.0,4.0
20081,84.0,0.0,4.0,0.0,0.0,0.0,2.0
20082,89.0,0.0,4.0,0.0,1.0,1.0,6.0
20083,450.0,1.0,15.0,0.0,3.0,3.0,24.0
20084,168.0,0.0,3.0,0.0,1.0,0.0,9.0
20085,210.0,1.0,4.0,0.0,1.0,0.0,7.0
20086,76.0,0.0,5.0,0.0,0.0,0.0,3.0
20087,481.0,0.0,4.0,1.0,0.0,1.0,10.0
20088,42.0,0.0,2.0,0.0,0.0,0.0,4.0
20089,174.0,0.0,5.0,0.0,0.0,0.0,2.0
20090,268.0,0.0,7.0,0.0,0.0,1.0,6.0
20091,224.0,0.0,11.0,0.0,0.0,0.0,12.0
20092,39.0,0.0,3.0,0.0,1.0,0.0,3.0
20093,17.0,0.0,1.0,0.0,0.0,0.0,2.0
20094,39.0,0.0,1.0,0.0,0.0,0.0,3.0
20095,62.0,0.0,2.0,0.0,0.0,0.0,3.0
20096,34.0,0.0,1.0,0.0,1.0,0.0,3.0
20097,38.0,0.0,0.0,0.0,0.0,0.0,3.0
20098,61.0,0.0,2.0,0.0,1.0,0.0,5.0
20099,33.0,0.0,1.0,0.0,0.0,0.0,0.0
20100,17.0,0.0,0.0,0.0,0.0,0.0,2.0
20101,45.0,0.0,1.0,0.0,0.0,0.0,4.0
20102,102.0,0.0,5.0,0.0,0.0,0.0,6.0
20103,379.0,0.0,9.0,0.0,2.0,1.0,10.0
20104,91.0,0.0,6.0,0.0,0.0,0.0,8.0
20105,65.0,0.0,5.0,0.0,0.0,0.0,2.0
20106,12.0,0.0,0.0,0.0,0.0,0.0,3.0
20107,1718.0,2.0,38.0,0.0,7.0,1.0,40.0
20108,90.0,0.0,3.0,0.0,0.0,1.0,5.0
20109,31.0,0.0,1.0,0.0,0.0,0.0,3.0
20110,12.0,0.0,2.0,0.0,0.0,0.0,2.0
20111,82.0,0.0,4.0,0.0,0.0,0.0,5.0
20112,275.0,0.0,4.0,0.0,2.0,0.0,6.0
20113,147.0,0.0,6.0,0.0,0.0,0.0,11.0
20114,16.0,0.0,1.0,0.0,0.0,0.0,1.0
20115,643.0,2.0,18.0,2.0,3.0,2.0,23.0
20116,134.0,0.0,6.0,0.0,0.0,0.0,3.0
20117,57.0,2.0,3.0,0.0,1.0,2.0,3.0
20118,115.0,0.0,3.0,0.0,0.0,1.0,4.0
20119,45.0,0.0,3.0,0.0,0.0,0.0,0.0
20120,46.0,0.0,0.0,0.0,0.0,0.0,3.0
20121,24.0,0.0,1.0,0.0,0.0,0.0,3.0
20122,45.0,0.0,1.0,0.0,0.0,0.0,1.0
20123,108.0,0.0,0.0,0.0,0.0,1.0,7.0
20124,2012.0,1.0,8.0,0.0,2.0,0.0,9.0
20125,70.0,0.0,1.0,0.0,1.0,0.0,7.0
20126,841.0,0.0,4.0,0.0,1.0,0.0,5.0
20127,72.0,0.0,2.0,0.0,0.0,0.0,2.0
20128,91.0,0.0,1.0,0.0,1.0,0.0,7.0
20129,37.0,0.0,2.0,0.0,0.0,0.0,1.0
20130,186.0,0.0,4.0,0.0,1.0,1.0,6.0
20131,787.0,0.0,18.0,0.0,2.0,0.0,21.0
20132,51.0,0.0,3.0,0.0,0.0,0.0,1.0
20133,46.0,0.0,2.0,0.0,1.0,0.0,4.0
20134,544.0,0.0,6.0,0.0,3.0,1.0,13.0
20135,136.0,0.0,5.0,0.0,1.0,0.0,3.0
20136,321.0,0.0,6.0,0.0,0.0,1.0,9.0
20137,34.0,0.0,1.0,0.0,1.0,0.0,3.0
20138,27.0,0.0,1.0,0.0,0.0,0.0,2.0
20139,14.0,0.0,2.0,0.0,1.0,0.0,0.0
20140,30.0,0.0,2.0,0.0,0.0,0.0,3.0
20141,250.0,0.0,6.0,0.0,5.0,3.0,15.0
20142,17.0,0.0,0.0,0.0,1.0,0.0,1.0
20143,344.0,1.0,10.0,1.0,1.0,4.0,18.0
20144,40.0,0.0,1.0,0.0,0.0,0.0,4.0
20145,222.0,0.0,7.0,0.0,0.0,0.0,20.0
20146,96.0,0.0,3.0,0.0,0.0,0.0,3.0
20147,25.0,0.0,2.0,0.0,0.0,0.0,3.0
20148,35.0,0.0,1.0,0.0,0.0,0.0,1.0
20149,52.0,0.0,2.0,0.0,0.0,0.0,0.0
20150,758.0,0.0,12.0,0.0,2.0,2.0,16.0
20151,76.0,0.0,2.0,0.0,0.0,0.0,0.0
20152,63.0,0.0,0.0,0.0,0.0,0.0,2.0
20153,269.0,0.0,7.0,0.0,0.0,1.0,6.0
20154,26.0,0.0,2.0,0.0,0.0,0.0,3.0
20155,19.0,0.0,1.0,0.0,1.0,0.0,1.0
20156,125.0,1.0,2.0,0.0,0.0,1.0,4.0
20157,811.0,4.0,32.0,1.0,9.0,7.0,61.0
20158,47.0,0.0,1.0,0.0,0.0,0.0,3.0
20159,44.0,0.0,3.0,0.0,0.0,0.0,6.0
20160,119.0,0.0,2.0,0.0,0.0,0.0,3.0
20161,22.0,0.0,1.0,0.0,0.0,0.0,3.0
20162,68.0,0.0,2.0,0.0,0.0,0.0,3.0
20163,91.0,0.0,0.0,0.0,0.0,0.0,2.0
20164,84.0,0.0,0.0,0.0,2.0,0.0,1.0
20165,122.0,0.0,5.0,0.0,0.0,0.0,5.0
20166,252.0,0.0,4.0,0.0,1.0,0.0,9.0
20167,28.0,0.0,1.0,0.0,0.0,0.0,2.0
20168,51.0,0.0,1.0,0.0,1.0,0.0,0.0
20169,74.0,0.0,1.0,0.0,0.0,1.0,1.0
20170,127.0,0.0,0.0,0.0,1.0,0.0,1.0
20171,203.0,0.0,3.0,0.0,0.0,0.0,3.0
20172,18.0,0.0,0.0,0.0,0.0,0.0,4.0
20173,72.0,0.0,3.0,0.0,0.0,0.0,3.0
20174,200.0,1.0,3.0,0.0,1.0,0.0,4.0
20175,14.0,0.0,0.0,0.0,0.0,0.0,0.0
20176,113.0,0.0,4.0,0.0,0.0,0.0,2.0
20177,395.0,1.0,19.0,0.0,1.0,1.0,24.0
20178,23.0,0.0,0.0,0.0,0.0,1.0,2.0
20179,45.0,0.0,3.0,0.0,0.0,0.0,1.0
20180,87.0,0.0,2.0,0.0,0.0,0.0,5.0
20181,18.0,0.0,1.0,0.0,0.0,0.0,1.0
20182,34.0,0.0,1.0,0.0,0.0,0.0,1.0
20183,41.0,0.0,0.0,0.0,1.0,0.0,0.0
20184,6773.0,14.0,281.0,7.0,43.0,36.0,388.0
20185,312.0,0.0,11.0,0.0,1.0,1.0,12.0
20186,33.0,0.0,1.0,0.0,0.0,0.0,3.0
20187,52.0,0.0,2.0,0.0,1.0,0.0,5.0
20188,175.0,0.0,5.0,0.0,0.0,0.0,3.0
20189,37.0,0.0,2.0,0.0,0.0,0.0,1.0
20190,1098.0,1.0,17.0,0.0,1.0,1.0,32.0
20191,18.0,0.0,0.0,0.0,0.0,0.0,3.0
20192,106.0,0.0,2.0,0.0,0.0,0.0,2.0
20193,94.0,0.0,3.0,0.0,0.0,0.0,6.0
20194,373.0,0.0,2.0,0.0,1.0,0.0,2.0
20195,41.0,0.0,3.0,0.0,0.0,0.0,2.0
20196,24.0,0.0,1.0,0.0,0.0,0.0,1.0
20197,226.0,0.0,3.0,0.0,0.0,0.0,7.0
20198,462.0,1.0,3.0,0.0,2.0,1.0,12.0
20199,31.0,0.0,1.0,0.0,0.0,0.0,1.0
20200,93.0,0.0,1.0,0.0,0.0,1.0,3.0
20201,36.0,0.0,2.0,0.0,0.0,0.0,2.0
20202,86.0,0.0,3.0,0.0,0.0,0.0,5.0
20203,16.0,0.0,1.0,0.0,0.0,1.0,2.0
20204,18.0,0.0,2.0,0.0,0.0,0.0,0.0
20205,12.0,0.0,0.0,0.0,0.0,0.0,1.0
20206,48.0,0.0,1.0,0.0,2.0,0.0,4.0
20207,72.0,0.0,2.0,0.0,0.0,0.0,1.0
20208,244.0,0.0,3.0,0.0,0.0,0.0,2.0
20209,22.0,0.0,1.0,0.0,0.0,0.0,0.0
20210,34.0,0.0,3.0,0.0,0.0,0.0,2.0
20211,31.0,0.0,1.0,0.0,0.0,0.0,1.0
20212,22.0,0.0,2.0,0.0,0.0,0.0,4.0
20213,107.0,0.0,4.0,0.0,0.0,1.0,2.0
20214,71.0,0.0,4.0,0.0,0.0,0.0,0.0
20215,30.0,0.0,0.0,0.0,1.0,0.0,1.0
20216,35.0,0.0,4.0,0.0,0.0,0.0,6.0
20217,29.0,0.0,2.0,0.0,1.0,0.0,2.0
20218,88.0,0.0,2.0,0.0,0.0,0.0,0.0
20219,197.0,0.0,3.0,0.0,1.0,0.0,5.0
20220,17.0,0.0,0.0,0.0,0.0,0.0,2.0
20221,31.0,0.0,1.0,0.0,0.0,0.0,3.0
20222,49.0,0.0,2.0,0.0,0.0,0.0,2.0
20223,21.0,0.0,2.0,0.0,0.0,0.0,2.0
20224,28.0,0.0,1.0,0.0,0.0,0.0,1.0
20225,83.0,0.0,4.0,0.0,0.0,0.0,4.0
20226,155.0,0.0,1.0,0.0,0.0,0.0,4.0
20227,775.0,3.0,20.0,2.0,4.0,1.0,15.0
20228,26.0,0.0,1.0,0.0,0.0,0.0,2.0
20229,53.0,0.0,5.0,0.0,0.0,0.0,7.0
20230,37.0,0.0,0.0,0.0,0.0,0.0,1.0
20231,59.0,0.0,2.0,0.0,0.0,0.0,0.0
20232,405.0,1.0,9.0,0.0,1.0,0.0,14.0
20233,75.0,0.0,5.0,0.0,0.0,0.0,1.0
20234,44.0,0.0,2.0,0.0,1.0,0.0,3.0
20235,147.0,0.0,2.0,0.0,0.0,0.0,3.0
20236,48.0,0.0,3.0,0.0,0.0,0.0,1.0
20237,102.0,0.0,3.0,0.0,0.0,0.0,3.0
20238,20.0,0.0,0.0,0.0,0.0,0.0,2.0
20239,12.0,0.0,2.0,0.0,0.0,0.0,4.0
20240,47.0,0.0,1.0,0.0,0.0,0.0,3.0
20241,68.0,0.0,1.0,0.0,0.0,0.0,7.0
20242,210.0,0.0,8.0,0.0,0.0,0.0,6.0
20243,240.0,0.0,6.0,0.0,0.0,1.0,10.0
20244,85.0,0.0,9.0,0.0,1.0,0.0,6.0
20245,43.0,0.0,3.0,0.0,0.0,0.0,2.0
20246,52.0,0.0,0.0,0.0,0.0,0.0,2.0
20247,135.0,0.0,11.0,0.0,2.0,0.0,9.0
20248,438.0,0.0,16.0,0.0,0.0,1.0,9.0
20249,167.0,0.0,6.0,0.0,0.0,0.0,7.0
20250,29.0,0.0,3.0,0.0,0.0,0.0,2.0
20251,75.0,0.0,1.0,0.0,1.0,0.0,0.0
20252,68.0,0.0,4.0,0.0,0.0,0.0,1.0
20253,48.0,0.0,2.0,0.0,0.0,1.0,1.0
20254,45.0,0.0,1.0,0.0,1.0,0.0,4.0
20255,94.0,0.0,2.0,0.0,1.0,0.0,5.0
20256,16.0,0.0,2.0,0.0,0.0,0.0,1.0
20257,46.0,0.0,1.0,0.0,0.0,0.0,2.0
20258,59.0,0.0,4.0,0.0,0.0,0.0,2.0
20259,165.0,0.0,6.0,0.0,1.0,0.0,2.0
20260,76.0,0.0,2.0,0.0,0.0,0.0,4.0
20261,100.0,0.0,2.0,0.0,1.0,0.0,6.0
20262,19.0,0.0,1.0,0.0,0.0,0.0,2.0
20263,143.0,0.0,5.0,0.0,0.0,1.0,9.0
20264,25.0,0.0,2.0,0.0,0.0,0.0,3.0
20265,79.0,0.0,2.0,0.0,1.0,1.0,3.0
20266,56.0,0.0,1.0,0.0,0.0,0.0,7.0
20267,22.0,0.0,1.0,0.0,0.0,0.0,2.0
20268,51.0,0.0,1.0,0.0,0.0,0.0,5.0
20269,138.0,0.0,6.0,0.0,3.0,1.0,8.0
20270,105.0,0.0,2.0,0.0,0.0,0.0,12.0
20271,40.0,0.0,2.0,0.0,1.0,0.0,4.0
20272,249.0,1.0,5.0,0.0,1.0,0.0,3.0
20273,78.0,0.0,0.0,0.0,1.0,0.0,6.0
20274,30.0,0.0,1.0,0.0,0.0,0.0,2.0
20275,160.0,0.0,2.0,0.0,0.0,1.0,5.0
20276,35.0,0.0,2.0,0.0,0.0,0.0,1.0
20277,310.0,0.0,5.0,0.0,3.0,0.0,11.0
20278,467.0,1.0,11.0,0.0,1.0,3.0,14.0
20279,105.0,0.0,3.0,0.0,0.0,0.0,3.0
20280,140.0,0.0,9.0,0.0,1.0,0.0,11.0
20281,17.0,0.0,2.0,0.0,0.0,0.0,0.0
20282,17.0,0.0,2.0,0.0,0.0,0.0,1.0
20283,83.0,0.0,1.0,0.0,0.0,0.0,3.0
20284,154.0,0.0,3.0,0.0,0.0,0.0,2.0
20285,104.0,0.0,8.0,0.0,0.0,0.0,3.0
20286,136.0,1.0,3.0,0.0,1.0,0.0,7.0
20287,23.0,0.0,0.0,0.0,0.0,0.0,2.0
20288,21.0,0.0,1.0,0.0,0.0,0.0,1.0
20289,35.0,0.0,0.0,0.0,0.0,0.0,0.0
20290,76.0,0.0,1.0,0.0,0.0,0.0,0.0
20291,53.0,0.0,2.0,0.0,0.0,0.0,4.0
20292,12.0,0.0,1.0,0.0,0.0,1.0,2.0
20293,367.0,0.0,13.0,0.0,5.0,1.0,21.0
20294,355.0,0.0,6.0,0.0,2.0,0.0,15.0
20295,678.0,3.0,11.0,0.0,2.0,2.0,16.0
20296,35.0,0.0,2.0,0.0,0.0,0.0,3.0
20297,49.0,0.0,2.0,0.0,0.0,0.0,3.0
20298,1761.0,0.0,15.0,1.0,4.0,2.0,23.0
20299,241.0,0.0,2.0,0.0,0.0,0.0,5.0
20300,257.0,0.0,3.0,0.0,4.0,0.0,11.0
20301,96.0,0.0,1.0,0.0,1.0,0.0,5.0
20302,102.0,0.0,2.0,0.0,1.0,0.0,3.0
20303,78.0,0.0,3.0,0.0,0.0,0.0,2.0
20304,14.0,0.0,2.0,0.0,0.0,0.0,2.0
20305,308.0,1.0,7.0,0.0,2.0,1.0,11.0
20306,51.0,0.0,7.0,0.0,0.0,0.0,1.0
20307,125.0,0.0,6.0,0.0,1.0,2.0,7.0
20308,145.0,0.0,2.0,0.0,1.0,0.0,4.0
20309,233.0,0.0,7.0,0.0,0.0,1.0,2.0
20310,175.0,0.0,5.0,0.0,0.0,1.0,2.0
20311,113.0,0.0,2.0,0.0,0.0,0.0,1.0
20312,210.0,0.0,8.0,0.0,1.0,1.0,9.0
20313,312.0,0.0,1.0,0.0,1.0,0.0,2.0
20314,196.0,0.0,4.0,0.0,1.0,0.0,4.0
20315,50.0,0.0,3.0,0.0,0.0,0.0,3.0
20316,51.0,0.0,3.0,0.0,0.0,0.0,1.0
20317,16.0,0.0,2.0,0.0,0.0,0.0,2.0
20318,3737.0,10.0,145.0,7.0,32.0,18.0,230.0
20319,33.0,0.0,1.0,0.0,0.0,0.0,3.0
20320,30.0,0.0,2.0,0.0,1.0,0.0,1.0
20321,22.0,0.0,0.0,0.0,0.0,0.0,5.0
20322,31.0,0.0,1.0,0.0,0.0,0.0,3.0
20323,34.0,0.0,0.0,0.0,0.0,0.0,6.0
20324,1844.0,1.0,45.0,3.0,6.0,2.0,92.0
20325,398.0,0.0,11.0,1.0,2.0,0.0,10.0
20326,54.0,0.0,3.0,0.0,0.0,0.0,3.0
20327,518.0,1.0,18.0,0.0,7.0,0.0,35.0
20328,237.0,0.0,1.0,0.0,1.0,0.0,5.0
20329,45.0,0.0,1.0,0.0,1.0,0.0,4.0
20330,64.0,0.0,2.0,0.0,0.0,0.0,2.0
20331,128.0,0.0,1.0,0.0,1.0,0.0,3.0
20332,14.0,0.0,1.0,0.0,0.0,0.0,0.0
20333,129.0,0.0,2.0,0.0,1.0,1.0,7.0
20334,1756.0,1.0,39.0,0.0,4.0,2.0,70.0
20335,24.0,0.0,1.0,0.0,0.0,0.0,2.0
20336,45.0,0.0,2.0,0.0,0.0,0.0,4.0
20337,343.0,0.0,10.0,0.0,0.0,1.0,11.0
20338,800.0,1.0,25.0,1.0,4.0,6.0,31.0
20339,261.0,1.0,3.0,0.0,2.0,0.0,10.0
20340,65.0,0.0,0.0,0.0,0.0,0.0,5.0
20341,21.0,0.0,2.0,0.0,0.0,0.0,0.0
20342,66.0,1.0,1.0,0.0,1.0,0.0,3.0
20343,85.0,0.0,6.0,0.0,1.0,0.0,5.0
20344,90.0,0.0,6.0,0.0,1.0,0.0,5.0
20345,87.0,0.0,3.0,0.0,1.0,0.0,3.0
20346,247.0,0.0,2.0,0.0,0.0,0.0,3.0
20347,145.0,0.0,1.0,0.0,0.0,2.0,5.0
20348,201.0,0.0,4.0,0.0,2.0,0.0,3.0
20349,126.0,0.0,3.0,0.0,0.0,0.0,0.0
20350,714.0,1.0,32.0,1.0,1.0,6.0,23.0
20351,63.0,0.0,1.0,0.0,1.0,0.0,0.0
20352,101.0,0.0,4.0,0.0,0.0,0.0,10.0
20353,53.0,0.0,1.0,0.0,0.0,0.0,4.0
20354,18.0,0.0,1.0,0.0,0.0,0.0,1.0
20355,18.0,0.0,2.0,0.0,0.0,0.0,2.0
20356,234.0,0.0,3.0,0.0,0.0,0.0,9.0
20357,63.0,0.0,2.0,0.0,1.0,0.0,2.0
20358,65.0,0.0,1.0,0.0,0.0,0.0,2.0
20359,46.0,0.0,1.0,0.0,0.0,0.0,3.0
20360,170.0,0.0,3.0,0.0,0.0,0.0,3.0
20361,34.0,0.0,0.0,0.0,0.0,0.0,2.0
20362,63.0,0.0,2.0,0.0,1.0,0.0,5.0
20363,42.0,0.0,1.0,0.0,1.0,0.0,7.0
20364,1071.0,0.0,16.0,0.0,1.0,1.0,41.0
20365,20.0,0.0,0.0,0.0,0.0,0.0,2.0
20366,193.0,0.0,3.0,0.0,1.0,0.0,8.0
20367,114.0,0.0,5.0,0.0,0.0,0.0,4.0
20368,67.0,0.0,5.0,0.0,1.0,0.0,3.0
20369,81.0,0.0,1.0,0.0,1.0,0.0,1.0
20370,31.0,0.0,1.0,0.0,0.0,0.0,3.0
20371,66.0,0.0,1.0,0.0,0.0,0.0,5.0
20372,58.0,0.0,3.0,0.0,0.0,0.0,2.0
20373,48.0,0.0,1.0,0.0,0.0,0.0,1.0
20374,39.0,0.0,0.0,0.0,0.0,0.0,0.0
20375,429.0,0.0,5.0,0.0,1.0,2.0,16.0
20376,34.0,0.0,1.0,0.0,0.0,0.0,0.0
20377,123.0,0.0,5.0,0.0,4.0,0.0,3.0
20378,84.0,0.0,3.0,0.0,1.0,0.0,3.0
20379,39.0,0.0,3.0,0.0,1.0,0.0,1.0
20380,177.0,0.0,6.0,0.0,0.0,1.0,6.0
20381,169.0,0.0,5.0,0.0,0.0,1.0,8.0
20382,46.0,0.0,1.0,0.0,1.0,0.0,3.0
20383,7.0,0.0,2.0,0.0,0.0,0.0,3.0
20384,462.0,0.0,4.0,0.0,2.0,1.0,6.0
20385,3604.0,7.0,96.0,4.0,19.0,18.0,141.0
20386,75.0,0.0,3.0,0.0,0.0,0.0,4.0
20387,128.0,0.0,2.0,0.0,2.0,0.0,8.0
20388,19.0,0.0,1.0,0.0,1.0,0.0,0.0
20389,37.0,0.0,2.0,0.0,0.0,0.0,1.0
20390,3503.0,10.0,141.0,5.0,23.0,10.0,183.0
20391,47.0,0.0,1.0,0.0,1.0,0.0,2.0
20392,56.0,0.0,2.0,0.0,0.0,0.0,4.0
20393,145.0,0.0,3.0,0.0,0.0,0.0,6.0
20394,35.0,0.0,4.0,0.0,1.0,0.0,2.0
20395,52.0,0.0,3.0,0.0,0.0,0.0,5.0
20396,78.0,0.0,2.0,0.0,0.0,0.0,3.0
20397,2162.0,3.0,61.0,2.0,16.0,6.0,124.0
20398,372.0,0.0,5.0,0.0,1.0,0.0,12.0
20399,1559.0,2.0,27.0,0.0,5.0,2.0,40.0
20400,123.0,0.0,3.0,0.0,1.0,0.0,2.0
20401,763.0,2.0,28.0,1.0,2.0,0.0,46.0
20402,72.0,0.0,1.0,0.0,1.0,0.0,5.0
20403,181.0,0.0,10.0,1.0,2.0,2.0,5.0
20404,33.0,0.0,2.0,0.0,0.0,0.0,0.0
20405,164.0,0.0,7.0,0.0,0.0,1.0,2.0
20406,15.0,0.0,1.0,0.0,0.0,0.0,0.0
20407,129.0,0.0,3.0,0.0,1.0,0.0,3.0
20408,9.0,0.0,3.0,0.0,0.0,0.0,1.0
20409,536.0,3.0,10.0,2.0,1.0,1.0,17.0
20410,35.0,0.0,1.0,0.0,0.0,0.0,3.0
20411,40.0,0.0,1.0,0.0,0.0,0.0,3.0
20412,90.0,0.0,4.0,0.0,1.0,0.0,8.0
20413,2432.0,12.0,126.0,5.0,21.0,11.0,191.0
20414,302.0,0.0,7.0,0.0,0.0,1.0,8.0
20415,109.0,0.0,0.0,0.0,0.0,1.0,5.0
20416,118.0,0.0,0.0,0.0,0.0,0.0,2.0
20417,70.0,0.0,2.0,0.0,0.0,1.0,3.0
20418,596.0,0.0,11.0,0.0,1.0,2.0,28.0
20419,34.0,0.0,0.0,0.0,0.0,0.0,2.0
20420,46.0,0.0,0.0,0.0,0.0,0.0,4.0
20421,192.0,1.0,5.0,0.0,1.0,0.0,4.0
20422,24.0,0.0,2.0,0.0,0.0,0.0,0.0
20423,14.0,0.0,1.0,0.0,0.0,0.0,1.0
20424,51.0,0.0,1.0,0.0,0.0,0.0,2.0
20425,42.0,0.0,3.0,0.0,0.0,0.0,4.0
20426,39.0,0.0,5.0,0.0,0.0,0.0,5.0
20427,221.0,1.0,10.0,0.0,1.0,0.0,8.0
20428,24.0,0.0,0.0,0.0,0.0,1.0,5.0
20429,45.0,0.0,3.0,0.0,0.0,0.0,2.0
20430,32.0,0.0,2.0,0.0,0.0,0.0,1.0
20431,77.0,0.0,3.0,0.0,0.0,0.0,2.0
20432,57.0,0.0,5.0,0.0,0.0,0.0,7.0
20433,43.0,0.0,2.0,0.0,0.0,0.0,2.0
20434,45.0,0.0,4.0,0.0,0.0,0.0,4.0
20435,78.0,0.0,0.0,0.0,0.0,0.0,3.0
20436,238.0,0.0,1.0,0.0,2.0,0.0,4.0
20437,217.0,0.0,7.0,0.0,2.0,0.0,8.0
20438,46.0,0.0,1.0,0.0,1.0,0.0,5.0
20439,360.0,1.0,9.0,0.0,0.0,1.0,18.0
20440,27.0,0.0,1.0,0.0,0.0,0.0,5.0
20441,1217.0,1.0,8.0,0.0,1.0,2.0,8.0
20442,26.0,0.0,1.0,0.0,0.0,0.0,0.0
20443,25.0,0.0,2.0,0.0,0.0,0.0,0.0
20444,23.0,0.0,1.0,0.0,0.0,0.0,0.0
20445,29.0,0.0,1.0,0.0,0.0,0.0,1.0
20446,36.0,0.0,2.0,0.0,0.0,0.0,5.0
20447,434.0,0.0,10.0,0.0,1.0,0.0,18.0
20448,24.0,0.0,3.0,0.0,0.0,0.0,4.0
20449,125.0,0.0,4.0,0.0,0.0,0.0,1.0
20450,114.0,0.0,2.0,0.0,0.0,1.0,5.0
20451,39.0,0.0,3.0,0.0,0.0,0.0,0.0
20452,191.0,0.0,6.0,0.0,0.0,0.0,5.0
20453,166.0,0.0,6.0,0.0,2.0,1.0,6.0
20454,42.0,0.0,4.0,0.0,1.0,0.0,2.0
20455,93.0,0.0,3.0,0.0,0.0,0.0,5.0
20456,179.0,0.0,1.0,0.0,0.0,0.0,3.0
20457,34.0,0.0,2.0,0.0,0.0,0.0,0.0
20458,38.0,0.0,1.0,0.0,0.0,0.0,4.0
20459,195.0,0.0,3.0,0.0,1.0,0.0,9.0
20460,70.0,0.0,3.0,0.0,0.0,0.0,1.0
20461,24.0,0.0,1.0,0.0,0.0,0.0,0.0
20462,176.0,0.0,5.0,0.0,1.0,0.0,10.0
20463,27.0,0.0,0.0,0.0,0.0,0.0,1.0
20464,38.0,0.0,2.0,0.0,0.0,0.0,2.0
20465,43.0,0.0,2.0,0.0,1.0,0.0,3.0
20466,77.0,0.0,3.0,0.0,1.0,0.0,3.0
20467,728.0,1.0,22.0,0.0,7.0,1.0,35.0
20468,72.0,0.0,3.0,0.0,0.0,0.0,4.0
20469,1257.0,1.0,41.0,0.0,6.0,0.0,59.0
20470,45.0,0.0,2.0,0.0,1.0,0.0,3.0
20471,29.0,0.0,1.0,0.0,0.0,0.0,3.0
20472,188.0,0.0,6.0,0.0,1.0,1.0,6.0
20473,36.0,0.0,3.0,0.0,0.0,0.0,5.0
20474,139.0,0.0,3.0,0.0,0.0,0.0,5.0
20475,731.0,0.0,12.0,0.0,4.0,2.0,19.0
20476,29.0,0.0,0.0,0.0,1.0,0.0,1.0
20477,28.0,0.0,2.0,0.0,0.0,0.0,2.0
20478,41.0,0.0,1.0,0.0,0.0,0.0,2.0
20479,22.0,0.0,1.0,0.0,0.0,0.0,1.0
20480,20.0,0.0,3.0,0.0,0.0,0.0,1.0
20481,43.0,0.0,2.0,0.0,0.0,0.0,1.0
20482,2770.0,4.0,94.0,3.0,19.0,9.0,148.0
20483,366.0,0.0,9.0,0.0,2.0,0.0,3.0
20484,279.0,0.0,2.0,0.0,2.0,1.0,3.0
20485,50.0,0.0,1.0,0.0,0.0,1.0,5.0
20486,129.0,0.0,1.0,0.0,2.0,0.0,7.0
20487,39.0,0.0,1.0,0.0,0.0,1.0,1.0
20488,21.0,0.0,1.0,0.0,0.0,0.0,1.0
20489,36.0,0.0,2.0,0.0,0.0,0.0,1.0
20490,39.0,0.0,1.0,0.0,1.0,0.0,2.0
20491,41.0,1.0,2.0,0.0,0.0,0.0,4.0
20492,53.0,0.0,2.0,0.0,0.0,0.0,2.0
20493,16.0,0.0,1.0,0.0,0.0,0.0,4.0
20494,23.0,0.0,2.0,0.0,0.0,1.0,4.0
20495,54.0,0.0,0.0,0.0,3.0,1.0,3.0
20496,33.0,0.0,4.0,0.0,0.0,0.0,2.0
20497,134.0,0.0,4.0,0.0,0.0,1.0,5.0
20498,39.0,0.0,0.0,0.0,0.0,0.0,1.0
20499,207.0,0.0,4.0,0.0,0.0,1.0,8.0
20500,193.0,0.0,4.0,0.0,2.0,0.0,7.0
20501,46.0,0.0,1.0,0.0,0.0,0.0,0.0
20502,98.0,0.0,5.0,0.0,0.0,0.0,3.0
20503,48.0,0.0,1.0,0.0,0.0,0.0,1.0
20504,55.0,0.0,3.0,0.0,0.0,0.0,5.0
20505,414.0,2.0,10.0,0.0,2.0,3.0,8.0
20506,35.0,0.0,0.0,0.0,0.0,1.0,3.0
20507,114.0,0.0,5.0,0.0,0.0,0.0,3.0
20508,58.0,0.0,1.0,0.0,0.0,0.0,3.0
20509,121.0,0.0,3.0,0.0,1.0,0.0,6.0
20510,23.0,0.0,1.0,0.0,0.0,0.0,2.0
20511,34.0,0.0,5.0,0.0,0.0,0.0,3.0
20512,24.0,0.0,0.0,0.0,0.0,0.0,1.0
20513,286.0,0.0,8.0,0.0,1.0,0.0,12.0
20514,21.0,0.0,1.0,0.0,0.0,0.0,2.0
20515,2925.0,3.0,131.0,2.0,23.0,9.0,126.0
20516,181.0,0.0,5.0,0.0,0.0,0.0,5.0
20517,102.0,0.0,2.0,0.0,0.0,0.0,5.0
20518,11.0,0.0,1.0,0.0,0.0,0.0,1.0
20519,120.0,0.0,3.0,0.0,0.0,0.0,4.0
20520,276.0,0.0,4.0,0.0,0.0,1.0,17.0
20521,11.0,0.0,2.0,0.0,0.0,0.0,0.0
20522,87.0,0.0,0.0,0.0,0.0,0.0,3.0
20523,75.0,0.0,6.0,0.0,0.0,0.0,3.0
20524,154.0,0.0,0.0,0.0,1.0,0.0,0.0
20525,598.0,2.0,17.0,0.0,3.0,1.0,33.0
20526,521.0,1.0,11.0,0.0,1.0,1.0,22.0
20527,92.0,0.0,1.0,0.0,1.0,0.0,2.0
20528,113.0,0.0,3.0,0.0,1.0,0.0,4.0
20529,18.0,0.0,1.0,0.0,1.0,0.0,1.0
20530,196.0,0.0,0.0,0.0,0.0,0.0,6.0
20531,285.0,0.0,3.0,0.0,1.0,0.0,5.0
20532,36.0,0.0,3.0,0.0,1.0,0.0,2.0
20533,51.0,0.0,1.0,0.0,0.0,0.0,4.0
20534,124.0,0.0,4.0,0.0,0.0,0.0,5.0
20535,80.0,0.0,2.0,0.0,1.0,0.0,7.0
20536,21.0,0.0,1.0,0.0,0.0,0.0,2.0
20537,250.0,0.0,8.0,0.0,1.0,0.0,10.0
20538,26.0,0.0,2.0,0.0,0.0,0.0,2.0
20539,269.0,0.0,6.0,0.0,2.0,0.0,7.0
20540,599.0,1.0,15.0,0.0,1.0,1.0,18.0
20541,64.0,0.0,1.0,0.0,1.0,0.0,3.0
20542,22.0,0.0,1.0,0.0,0.0,0.0,2.0
20543,126.0,0.0,12.0,0.0,0.0,0.0,7.0
20544,60.0,0.0,0.0,0.0,1.0,0.0,4.0
20545,560.0,0.0,21.0,0.0,6.0,2.0,23.0
20546,876.0,0.0,8.0,0.0,1.0,1.0,21.0
20547,61.0,0.0,1.0,0.0,0.0,0.0,2.0
20548,126.0,0.0,1.0,0.0,0.0,0.0,7.0
20549,334.0,0.0,6.0,0.0,0.0,1.0,9.0
20550,294.0,0.0,12.0,0.0,0.0,1.0,9.0
20551,1592.0,2.0,36.0,0.0,5.0,3.0,60.0
20552,51.0,0.0,1.0,0.0,0.0,1.0,4.0
20553,810.0,2.0,20.0,2.0,2.0,5.0,28.0
20554,96.0,0.0,4.0,0.0,0.0,0.0,8.0
20555,38.0,0.0,1.0,0.0,0.0,0.0,2.0
20556,19.0,0.0,1.0,0.0,0.0,0.0,1.0
20557,695.0,1.0,7.0,0.0,2.0,1.0,20.0
20558,32.0,0.0,0.0,0.0,0.0,0.0,2.0
20559,502.0,1.0,13.0,1.0,6.0,0.0,16.0
20560,441.0,0.0,2.0,0.0,0.0,0.0,14.0
20561,185.0,0.0,6.0,0.0,0.0,0.0,4.0
20562,92.0,0.0,3.0,0.0,0.0,0.0,6.0
20563,52.0,0.0,1.0,0.0,0.0,0.0,3.0
20564,211.0,0.0,2.0,0.0,0.0,1.0,3.0
20565,2101.0,1.0,36.0,0.0,5.0,2.0,76.0
20566,56.0,0.0,3.0,0.0,2.0,0.0,4.0
20567,150.0,0.0,7.0,0.0,0.0,0.0,5.0
20568,301.0,0.0,3.0,0.0,0.0,0.0,3.0
20569,33.0,0.0,1.0,0.0,0.0,0.0,6.0
20570,1057.0,1.0,23.0,1.0,7.0,1.0,47.0
21001,2538.0,3.0,40.0,1.0,5.0,2.0,73.0
21002,287.0,0.0,3.0,0.0,1.0,0.0,11.0
21003,2194.0,1.0,44.0,1.0,9.0,8.0,92.0
21004,2752.0,1.0,50.0,2.0,9.0,5.0,118.0
21005,538.0,0.0,2.0,0.0,0.0,0.0,20.0
21006,287.0,0.0,9.0,1.0,2.0,2.0,10.0
21007,59.0,0.0,0.0,0.0,0.0,1.0,2.0
21008,246.0,0.0,11.0,0.0,1.0,2.0,9.0
21009,77.0,0.0,3.0,0.0,1.0,0.0,3.0
21010,2908.0,3.0,98.0,1.0,12.0,9.0,92.0
21011,147.0,0.0,2.0,0.0,0.0,1.0,0.0
21012,240.0,0.0,4.0,0.0,1.0,0.0,6.0
21013,1853.0,1.0,46.0,0.0,1.0,4.0,51.0
21014,144.0,0.0,1.0,0.0,1.0,1.0,6.0
21015,5104.0,8.0,141.0,2.0,18.0,19.0,174.0
21016,135.0,0.0,5.0,0.0,0.0,0.0,10.0
21017,827.0,1.0,24.0,0.0,1.0,4.0,28.0
21018,57.0,0.0,0.0,0.0,1.0,2.0,2.0
21019,7530.0,10.0,207.0,5.0,33.0,29.0,326.0
21020,499.0,0.0,4.0,0.0,1.0,0.0,11.0
21021,70.0,0.0,2.0,0.0,0.0,0.0,2.0
21022,394.0,0.0,14.0,0.0,1.0,0.0,14.0
21023,215.0,0.0,2.0,0.0,0.0,1.0,6.0
21024,48.0,0.0,1.0,0.0,1.0,0.0,1.0
21025,344.0,0.0,7.0,0.0,0.0,1.0,8.0
21026,611.0,0.0,11.0,0.0,1.0,0.0,8.0
21027,31.0,0.0,1.0,0.0,1.0,0.0,3.0
21028,50.0,0.0,1.0,0.0,0.0,0.0,4.0
21029,124.0,0.0,4.0,0.0,1.0,0.0,5.0
21030,26.0,0.0,2.0,0.0,1.0,0.0,2.0
21031,199.0,0.0,1.0,0.0,0.0,0.0,6.0
21032,36.0,0.0,1.0,0.0,0.0,0.0,0.0
21033,399.0,0.0,2.0,0.0,1.0,0.0,12.0
21034,2699.0,5.0,60.0,3.0,12.0,6.0,88.0
21035,608.0,1.0,15.0,1.0,1.0,1.0,22.0
21036,114.0,0.0,1.0,0.0,0.0,1.0,2.0
21037,106.0,0.0,1.0,0.0,0.0,0.0,3.0
21038,465.0,0.0,9.0,0.0,1.0,2.0,13.0
21039,197.0,0.0,4.0,1.0,0.0,0.0,5.0
21040,115.0,0.0,3.0,0.0,0.0,1.0,6.0
21041,3553.0,29.0,121.0,34.0,34.0,31.0,120.0
21042,74.0,0.0,0.0,0.0,1.0,0.0,3.0
21043,1209.0,2.0,24.0,1.0,8.0,1.0,49.0
21044,363.0,2.0,9.0,0.0,0.0,1.0,12.0
21045,1951.0,5.0,42.0,1.0,10.0,10.0,76.0
21046,367.0,0.0,17.0,0.0,0.0,3.0,19.0
21047,1153.0,1.0,29.0,0.0,4.0,1.0,37.0
21048,744.0,0.0,21.0,1.0,1.0,2.0,25.0
21049,157.0,0.0,5.0,0.0,0.0,0.0,9.0
21050,167.0,0.0,3.0,0.0,1.0,0.0,9.0
21051,1604.0,1.0,15.0,1.0,4.0,3.0,45.0
21052,353.0,0.0,3.0,0.0,0.0,0.0,6.0
21053,2417.0,4.0,56.0,2.0,13.0,4.0,106.0
21054,820.0,3.0,39.0,0.0,8.0,4.0,47.0
21055,156.0,0.0,4.0,0.0,1.0,0.0,6.0
21056,77.0,0.0,0.0,0.0,1.0,0.0,3.0
21057,139.0,0.0,4.0,0.0,0.0,0.0,5.0
21058,576.0,0.0,4.0,0.0,0.0,2.0,15.0
21059,130.0,0.0,2.0,0.0,1.0,0.0,4.0
21060,264.0,0.0,8.0,0.0,0.0,0.0,8.0
21061,96.0,0.0,1.0,0.0,0.0,1.0,3.0
21062,156.0,0.0,4.0,0.0,1.0,0.0,5.0
21063,604.0,0.0,7.0,1.0,1.0,1.0,10.0
21064,353.0,0.0,6.0,0.0,0.0,0.0,13.0
21065,802.0,1.0,22.0,0.0,2.0,0.0,41.0
21066,220.0,0.0,4.0,0.0,0.0,1.0,6.0
21067,844.0,0.0,19.0,0.0,3.0,1.0,33.0
21068,116.0,0.0,1.0,0.0,0.0,1.0,2.0
21069,541.0,0.0,12.0,0.0,0.0,1.0,21.0
21070,190.0,0.0,3.0,0.0,0.0,0.0,4.0
21071,5308.0,6.0,124.0,2.0,22.0,12.0,195.0
21072,288.0,1.0,7.0,0.0,0.0,0.0,12.0
21073,504.0,0.0,7.0,0.0,0.0,1.0,21.0
21074,3007.0,10.0,78.0,13.0,12.0,14.0,95.0
21075,488.0,0.0,13.0,0.0,0.0,3.0,12.0
21076,519.0,1.0,10.0,0.0,1.0,3.0,25.0
21077,83.0,0.0,1.0,0.0,0.0,1.0,6.0
21078,135.0,1.0,3.0,0.0,0.0,0.0,9.0
21079,170.0,0.0,3.0,0.0,0.0,0.0,12.0
21080,47.0,0.0,1.0,0.0,1.0,0.0,1.0
21081,71.0,0.0,0.0,0.0,0.0,0.0,7.0
21082,422.0,1.0,8.0,0.0,4.0,0.0,14.0
21083,89.0,0.0,4.0,0.0,3.0,1.0,8.0
21084,186.0,0.0,2.0,0.0,0.0,1.0,4.0
21085,5018.0,3.0,127.0,4.0,31.0,14.0,217.0
21086,21.0,0.0,0.0,0.0,0.0,0.0,1.0
21087,505.0,0.0,9.0,0.0,1.0,0.0,7.0
21088,98.0,0.0,0.0,0.0,2.0,0.0,3.0
21089,366.0,0.0,7.0,0.0,0.0,1.0,10.0
21090,921.0,4.0,21.0,0.0,3.0,3.0,36.0
21091,561.0,0.0,9.0,0.0,1.0,3.0,15.0
21092,332.0,0.0,3.0,0.0,0.0,1.0,5.0
21093,31.0,0.0,1.0,0.0,0.0,0.0,3.0
21094,1782.0,3.0,34.0,0.0,15.0,2.0,63.0
21095,26.0,0.0,2.0,0.0,0.0,0.0,0.0
21096,71.0,0.0,1.0,0.0,0.0,0.0,10.0
21097,89.0,0.0,4.0,0.0,0.0,1.0,5.0
21098,180.0,0.0,2.0,0.0,2.0,0.0,3.0
21099,388.0,1.0,7.0,0.0,2.0,0.0,17.0
21100,89.0,0.0,3.0,0.0,0.0,0.0,5.0
21101,63.0,0.0,2.0,0.0,0.0,0.0,1.0
21102,892.0,1.0,14.0,1.0,1.0,1.0,22.0
21103,161.0,1.0,6.0,0.0,1.0,0.0,9.0
21104,838.0,0.0,19.0,2.0,2.0,1.0,29.0
21105,100.0,0.0,3.0,0.0,1.0,0.0,3.0
21106,1109.0,1.0,24.0,0.0,1.0,2.0,35.0
21107,201.0,0.0,4.0,0.0,0.0,0.0,8.0
21108,666.0,0.0,11.0,1.0,2.0,3.0,27.0
21109,995.0,0.0,11.0,0.0,1.0,2.0,22.0
21110,1531.0,1.0,21.0,0.0,4.0,4.0,44.0
21111,469.0,1.0,6.0,0.0,2.0,1.0,15.0
21112,282.0,0.0,9.0,0.0,0.0,1.0,8.0
21113,163.0,0.0,2.0,0.0,0.0,1.0,9.0
21114,78484.0,356.0,3470.0,202.0,712.0,579.0,4490.0
21115,1511.0,1.0,32.0,1.0,4.0,0.0,41.0
21116,198.0,0.0,2.0,0.0,0.0,0.0,2.0
21117,1242.0,0.0,25.0,1.0,6.0,0.0,32.0
21118,1106.0,0.0,19.0,0.0,0.0,0.0,30.0
21119,5456.0,27.0,292.0,21.0,70.0,51.0,371.0
21120,52.0,0.0,3.0,0.0,1.0,0.0,3.0
21121,32.0,0.0,2.0,0.0,2.0,0.0,3.0
21122,306.0,0.0,8.0,0.0,1.0,0.0,6.0
21123,29.0,0.0,2.0,0.0,0.0,0.0,1.0
21124,883.0,1.0,14.0,0.0,3.0,4.0,14.0
21125,456.0,3.0,16.0,0.0,7.0,3.0,51.0
21126,79.0,0.0,2.0,0.0,2.0,0.0,3.0
21127,119.0,0.0,0.0,0.0,0.0,0.0,5.0
21128,259.0,0.0,2.0,0.0,1.0,1.0,7.0
21129,572.0,0.0,5.0,1.0,0.0,0.0,4.0
21130,138.0,0.0,2.0,0.0,0.0,1.0,2.0
21131,198.0,0.0,0.0,0.0,0.0,0.0,2.0
21132,10048.0,13.0,204.0,7.0,40.0,24.0,362.0
21133,44.0,0.0,4.0,0.0,1.0,0.0,1.0
21134,993.0,0.0,13.0,0.0,1.0,0.0,38.0
21135,117.0,0.0,1.0,0.0,0.0,0.0,0.0
21136,825.0,2.0,16.0,3.0,8.0,3.0,25.0
21137,344.0,0.0,13.0,0.0,1.0,0.0,9.0
21138,731.0,0.0,7.0,0.0,2.0,1.0,11.0
21139,125.0,0.0,2.0,0.0,0.0,0.0,5.0
21140,8155.0,23.0,277.0,5.0,51.0,24.0,433.0
21141,123.0,0.0,1.0,0.0,0.0,0.0,5.0
21142,2045.0,3.0,31.0,0.0,4.0,0.0,37.0
21143,1336.0,0.0,31.0,1.0,7.0,1.0,40.0
21144,2112.0,0.0,16.0,0.0,2.0,0.0,106.0
21145,134.0,0.0,1.0,0.0,0.0,1.0,7.0
21146,180.0,0.0,0.0,0.0,1.0,0.0,1.0
21147,603.0,0.0,3.0,0.0,1.0,1.0,9.0
21148,76.0,0.0,4.0,0.0,1.0,0.0,5.0
21149,681.0,5.0,30.0,0.0,5.0,5.0,18.0
21150,188.0,0.0,3.0,0.0,0.0,0.0,1.0
21151,605.0,0.0,7.0,0.0,2.0,0.0,20.0
21152,374.0,0.0,8.0,0.0,0.0,0.0,12.0
21153,897.0,1.0,15.0,1.0,2.0,1.0,29.0
21154,3893.0,5.0,105.0,5.0,21.0,7.0,124.0
21155,168.0,0.0,3.0,0.0,3.0,1.0,12.0
21156,17526.0,55.0,605.0,29.0,132.0,90.0,733.0
21157,543.0,0.0,9.0,0.0,2.0,1.0,14.0
21158,142.0,0.0,0.0,0.0,0.0,1.0,5.0
21159,951.0,0.0,8.0,0.0,1.0,1.0,5.0
21160,76.0,0.0,1.0,0.0,1.0,0.0,6.0
21161,657.0,1.0,9.0,3.0,1.0,3.0,18.0
21162,207.0,0.0,1.0,0.0,0.0,1.0,5.0
21163,859.0,0.0,17.0,0.0,0.0,0.0,25.0
21164,4673.0,6.0,97.0,2.0,12.0,8.0,167.0
21165,156.0,0.0,3.0,0.0,0.0,0.0,14.0
21166,396.0,0.0,8.0,0.0,1.0,1.0,13.0
21167,82.0,0.0,2.0,0.0,0.0,0.0,6.0
21168,588.0,0.0,11.0,0.0,0.0,0.0,13.0
21169,456.0,1.0,19.0,0.0,1.0,2.0,22.0
21170,332.0,0.0,8.0,0.0,2.0,1.0,25.0
21171,205.0,0.0,7.0,0.0,0.0,2.0,22.0
21172,742.0,1.0,19.0,0.0,1.0,1.0,25.0
21173,353.0,0.0,5.0,0.0,5.0,1.0,15.0
21174,5089.0,20.0,210.0,9.0,35.0,45.0,298.0
21175,370.0,0.0,5.0,0.0,0.0,1.0,3.0
21176,136.0,0.0,2.0,0.0,1.0,0.0,7.0
21177,2546.0,1.0,23.0,0.0,6.0,0.0,55.0
21178,172.0,0.0,4.0,0.0,0.0,0.0,7.0
21179,650.0,1.0,15.0,0.0,2.0,0.0,16.0
21180,1296.0,1.0,38.0,3.0,6.0,0.0,45.0
21181,290.0,0.0,6.0,0.0,1.0,0.0,3.0
21182,304.0,0.0,4.0,0.0,1.0,0.0,17.0
21183,254.0,0.0,7.0,0.0,3.0,1.0,20.0
21184,57.0,0.0,1.0,0.0,0.0,0.0,5.0
21185,273.0,1.0,2.0,0.0,1.0,0.0,9.0
21186,1633.0,2.0,32.0,1.0,0.0,4.0,61.0
21187,99.0,0.0,3.0,0.0,1.0,0.0,2.0
21188,459.0,0.0,10.0,0.0,0.0,1.0,19.0
21189,994.0,0.0,18.0,0.0,2.0,1.0,29.0
21190,83.0,0.0,1.0,0.0,1.0,0.0,1.0
21191,728.0,0.0,6.0,0.0,0.0,1.0,19.0
21192,135.0,0.0,0.0,0.0,2.0,1.0,3.0
21193,227.0,0.0,0.0,0.0,0.0,2.0,2.0
21194,1717.0,2.0,26.0,0.0,6.0,1.0,45.0
21195,393.0,1.0,4.0,0.0,2.0,2.0,16.0
21196,75.0,0.0,3.0,0.0,0.0,0.0,6.0
21197,4080.0,5.0,102.0,2.0,14.0,9.0,174.0
21198,47.0,0.0,0.0,0.0,1.0,0.0,2.0
21199,1008.0,1.0,23.0,0.0,7.0,0.0,39.0
21200,112.0,1.0,4.0,0.0,2.0,0.0,2.0
21201,96.0,0.0,3.0,0.0,2.0,0.0,6.0
21202,330.0,0.0,5.0,0.0,0.0,1.0,8.0
21203,327.0,0.0,5.0,0.0,0.0,0.0,3.0
21204,274.0,0.0,9.0,0.0,2.0,1.0,9.0
21205,916.0,0.0,13.0,0.0,2.0,0.0,15.0
21206,87.0,0.0,0.0,0.0,1.0,1.0,1.0
21207,2145.0,3.0,72.0,1.0,6.0,5.0,85.0
21208,3746.0,4.0,116.0,1.0,12.0,15.0,151.0
21209,327.0,0.0,3.0,0.0,0.0,0.0,8.0
21210,164.0,0.0,5.0,0.0,1.0,1.0,4.0
21211,1090.0,0.0,12.0,0.0,3.0,3.0,15.0
21212,1161.0,1.0,14.0,1.0,3.0,2.0,14.0
21213,150.0,0.0,5.0,0.0,0.0,0.0,8.0
21214,1107.0,0.0,23.0,0.0,0.0,3.0,24.0
21215,174.0,0.0,8.0,0.0,2.0,0.0,9.0
21216,71.0,0.0,2.0,0.0,1.0,0.0,2.0
21217,599.0,1.0,6.0,1.0,0.0,0.0,15.0
22001,1156.0,0.0,22.0,1.0,6.0,3.0,50.0
22002,240.0,3.0,8.0,0.0,2.0,0.0,17.0
22003,146.0,1.0,5.0,0.0,2.0,0.0,3.0
22004,1590.0,2.0,48.0,5.0,17.0,5.0,79.0
22005,685.0,4.0,22.0,6.0,6.0,6.0,32.0
22006,4777.0,35.0,253.0,14.0,47.0,35.0,349.0
22007,2290.0,1.0,59.0,2.0,15.0,8.0,104.0
22008,441.0,0.0,11.0,0.0,0.0,2.0,24.0
22009,1002.0,3.0,37.0,4.0,10.0,3.0,63.0
22010,124.0,0.0,5.0,0.0,4.0,1.0,6.0
22011,2197.0,45.0,204.0,46.0,69.0,73.0,164.0
22012,2194.0,3.0,56.0,3.0,12.0,11.0,81.0
22013,162.0,0.0,4.0,2.0,2.0,1.0,4.0
22014,37295.0,294.0,2374.0,184.0,503.0,393.0,3401.0
22015,294.0,0.0,9.0,0.0,2.0,2.0,13.0
22016,10528.0,57.0,451.0,42.0,87.0,64.0,627.0
22017,3627.0,6.0,89.0,1.0,23.0,12.0,175.0
22018,534.0,0.0,13.0,1.0,4.0,4.0,25.0
23001,3493.0,24.0,287.0,19.0,37.0,47.0,428.0
23002,1868.0,3.0,108.0,3.0,14.0,13.0,144.0
23003,994.0,9.0,53.0,2.0,9.0,9.0,113.0
23004,7603.0,68.0,531.0,33.0,100.0,107.0,726.0
23005,22954.0,185.0,1653.0,134.0,347.0,287.0,2343.0
23006,862.0,4.0,57.0,3.0,6.0,7.0,76.0
23007,429.0,0.0,31.0,1.0,4.0,8.0,44.0
23008,6659.0,49.0,590.0,57.0,101.0,57.0,896.0
23009,1292.0,5.0,90.0,4.0,18.0,11.0,199.0
23010,756.0,2.0,40.0,5.0,4.0,6.0,65.0
24001,454.0,4.0,11.0,1.0,3.0,0.0,13.0
24002,73.0,0.0,3.0,0.0,0.0,0.0,2.0
24003,240.0,1.0,11.0,1.0,1.0,0.0,10.0
24004,48.0,0.0,1.0,0.0,0.0,0.0,2.0
24005,1106.0,2.0,32.0,0.0,4.0,1.0,40.0
24006,305.0,0.0,4.0,0.0,1.0,0.0,9.0
24007,699.0,1.0,21.0,0.0,5.0,3.0,28.0
24008,1339.0,1.0,21.0,1.0,3.0,2.0,47.0
24009,20.0,0.0,0.0,1.0,0.0,2.0,0.0
24010,960.0,0.0,26.0,1.0,4.0,5.0,39.0
24011,1818.0,2.0,47.0,1.0,8.0,6.0,51.0
24012,323.0,0.0,10.0,0.0,3.0,0.0,25.0
24013,6961.0,23.0,364.0,15.0,69.0,45.0,504.0
24014,192.0,3.0,5.0,1.0,3.0,2.0,13.0
24015,838.0,1.0,24.0,4.0,3.0,0.0,30.0
24016,1603.0,2.0,63.0,2.0,14.0,6.0,86.0
24017,121.0,0.0,9.0,0.0,2.0,0.0,9.0
24018,58.0,0.0,3.0,0.0,0.0,1.0,4.0
24019,44.0,0.0,0.0,0.0,0.0,1.0,3.0
24020,4965.0,19.0,218.0,8.0,46.0,20.0,241.0
24021,153.0,2.0,15.0,2.0,3.0,1.0,16.0
24022,479.0,1.0,13.0,1.0,0.0,0.0,17.0
24023,421.0,1.0,12.0,0.0,1.0,0.0,14.0
24024,4100.0,7.0,166.0,6.0,18.0,20.0,258.0
24025,1264.0,3.0,41.0,2.0,4.0,3.0,39.0
24026,63.0,0.0,7.0,0.0,0.0,1.0,3.0
24027,532.0,2.0,12.0,0.0,1.0,0.0,17.0
24028,37678.0,285.0,2332.0,192.0,473.0,393.0,2837.0
24029,194.0,0.0,5.0,1.0,2.0,0.0,5.0
24030,62.0,0.0,0.0,0.0,0.0,0.0,5.0
24031,20.0,1.0,0.0,0.0,0.0,0.0,1.0
24032,1303.0,1.0,35.0,0.0,5.0,5.0,59.0
24033,56.0,1.0,3.0,0.0,0.0,0.0,4.0
24034,461.0,1.0,10.0,0.0,2.0,1.0,13.0
24035,9366.0,22.0,325.0,9.0,57.0,43.0,415.0
24036,793.0,1.0,26.0,2.0,4.0,1.0,23.0
24037,2207.0,5.0,72.0,1.0,15.0,9.0,99.0
24038,143.0,1.0,3.0,0.0,1.0,0.0,5.0
24039,230.0,0.0,11.0,0.0,3.0,0.0,7.0
24040,1230.0,2.0,44.0,2.0,4.0,7.0,74.0
24041,218.0,1.0,6.0,0.0,1.0,0.0,6.0
24042,693.0,1.0,23.0,0.0,3.0,0.0,20.0
24043,479.0,1.0,11.0,0.0,3.0,0.0,11.0
24044,181.0,1.0,7.0,1.0,1.0,0.0,6.0
24045,587.0,2.0,9.0,1.0,2.0,1.0,20.0
24046,434.0,0.0,10.0,0.0,1.0,0.0,19.0
24047,66.0,1.0,4.0,0.0,1.0,0.0,7.0
24048,160.0,0.0,9.0,1.0,1.0,2.0,10.0
24049,961.0,0.0,21.0,0.0,4.0,0.0,39.0
24050,999.0,10.0,38.0,5.0,8.0,8.0,52.0
24051,286.0,0.0,11.0,1.0,3.0,0.0,14.0
24052,214.0,0.0,6.0,0.0,0.0,1.0,6.0
24053,752.0,3.0,23.0,1.0,5.0,5.0,23.0
24054,702.0,1.0,29.0,1.0,4.0,1.0,39.0
24055,368.0,1.0,12.0,1.0,2.0,0.0,15.0
24056,617.0,1.0,14.0,0.0,2.0,3.0,19.0
24057,561.0,0.0,13.0,1.0,3.0,2.0,33.0
24058,817.0,0.0,32.0,1.0,7.0,1.0,38.0
25001,15016.0,76.0,1066.0,54.0,216.0,177.0,1421.0
25002,1195.0,7.0,73.0,0.0,24.0,23.0,64.0
25003,285.0,2.0,18.0,0.0,4.0,3.0,25.0
25004,549.0,0.0,28.0,2.0,3.0,3.0,40.0
25005,454.0,0.0,17.0,0.0,5.0,3.0,29.0
25006,29700.0,254.0,2421.0,102.0,480.0,368.0,3128.0
25007,512.0,2.0,26.0,2.0,7.0,6.0,25.0
25008,1164.0,3.0,55.0,0.0,13.0,6.0,73.0
25009,2407.0,7.0,68.0,6.0,18.0,6.0,110.0
25010,1922.0,4.0,113.0,4.0,31.0,11.0,135.0
25011,8840.0,30.0,454.0,13.0,99.0,70.0,638.0
25012,17633.0,112.0,1158.0,65.0,200.0,179.0,1563.0
25013,700.0,2.0,34.0,1.0,8.0,7.0,37.0
25014,1183.0,2.0,48.0,3.0,14.0,9.0,74.0
25015,3649.0,18.0,223.0,4.0,57.0,20.0,310.0
25016,478.0,1.0,17.0,1.0,4.0,2.0,24.0
25017,974.0,1.0,48.0,1.0,12.0,3.0,63.0
25018,3774.0,13.0,179.0,8.0,49.0,42.0,236.0
26001,125.0,0.0,4.0,1.0,0.0,0.0,8.0
26002,2904.0,13.0,172.0,12.0,32.0,18.0,237.0
26003,596.0,2.0,22.0,2.0,4.0,3.0,38.0
26004,469.0,1.0,14.0,0.0,1.0,0.0,15.0
26005,32.0,0.0,2.0,0.0,0.0,0.0,3.0
26006,106.0,0.0,4.0,0.0,1.0,0.0,7.0
26007,39.0,0.0,0.0,0.0,0.0,0.0,2.0
26008,46.0,0.0,4.0,0.0,2.0,0.0,2.0
26009,40.0,0.0,0.0,0.0,0.0,0.0,3.0
26010,47.0,0.0,1.0,0.0,0.0,1.0,5.0
26011,30.0,0.0,1.0,0.0,0.0,1.0,2.0
26012,605.0,1.0,19.0,1.0,5.0,0.0,42.0
26013,105.0,0.0,0.0,1.0,2.0,0.0,3.0
26014,100.0,0.0,4.0,0.0,0.0,0.0,12.0
26015,40.0,0.0,0.0,0.0,1.0,0.0,1.0
26016,188.0,0.0,14.0,0.0,0.0,1.0,10.0
26017,2995.0,16.0,220.0,7.0,49.0,25.0,326.0
26018,14894.0,83.0,1039.0,75.0,206.0,165.0,1384.0
26019,920.0,10.0,94.0,6.0,15.0,12.0,143.0
26020,187.0,0.0,8.0,0.0,0.0,2.0,5.0
26021,31.0,1.0,2.0,0.0,0.0,0.0,2.0
26022,37.0,0.0,0.0,0.0,1.0,0.0,3.0
26023,228.0,3.0,11.0,0.0,2.0,2.0,18.0
26024,18.0,0.0,1.0,0.0,1.0,0.0,2.0
26025,1480.0,7.0,80.0,6.0,18.0,17.0,117.0
26026,1129.0,4.0,60.0,0.0,15.0,5.0,78.0
26027,257.0,0.0,19.0,0.0,2.0,1.0,21.0
26028,29.0,1.0,2.0,0.0,1.0,0.0,2.0
26029,4685.0,38.0,389.0,21.0,90.0,58.0,451.0
26030,26563.0,284.0,2468.0,139.0,505.0,434.0,3425.0
26031,53.0,0.0,2.0,0.0,0.0,1.0,1.0
26032,27.0,0.0,3.0,0.0,1.0,0.0,2.0
26033,2043.0,11.0,125.0,3.0,30.0,18.0,164.0
26034,50.0,0.0,2.0,0.0,0.0,1.0,1.0
26035,319.0,1.0,16.0,0.0,4.0,1.0,24.0
26036,1006.0,2.0,63.0,5.0,14.0,9.0,102.0
26037,83.0,0.0,4.0,0.0,1.0,0.0,6.0
26038,268.0,0.0,14.0,0.0,2.0,2.0,30.0
26039,231.0,1.0,16.0,0.0,2.0,0.0,25.0
26040,48.0,0.0,2.0,0.0,1.0,0.0,4.0
26041,475.0,5.0,29.0,4.0,7.0,3.0,36.0
26042,5100.0,34.0,331.0,18.0,58.0,62.0,482.0
26043,6012.0,63.0,482.0,54.0,109.0,99.0,595.0
26044,35.0,0.0,0.0,0.0,0.0,0.0,2.0
26045,104.0,0.0,5.0,0.0,0.0,0.0,8.0
26046,21.0,0.0,0.0,0.0,0.0,0.0,3.0
26047,334.0,1.0,11.0,0.0,3.0,0.0,16.0
26048,2711.0,11.0,175.0,5.0,30.0,21.0,278.0
26049,60.0,0.0,2.0,0.0,0.0,0.0,2.0
26050,71.0,0.0,4.0,0.0,2.0,0.0,4.0
26051,164.0,0.0,3.0,0.0,1.0,1.0,12.0
26052,219.0,0.0,10.0,1.0,2.0,0.0,12.0
26053,25.0,0.0,0.0,0.0,0.0,0.0,0.0
26054,29.0,0.0,1.0,0.0,0.0,0.0,2.0
26055,6819.0,23.0,458.0,15.0,57.0,44.0,604.0
26056,193.0,2.0,12.0,0.0,1.0,1.0,8.0
26057,53.0,0.0,3.0,0.0,0.0,0.0,2.0
26058,506.0,0.0,36.0,2.0,9.0,5.0,47.0
26059,41.0,0.0,0.0,0.0,0.0,0.0,5.0
26060,36.0,0.0,0.0,0.0,0.0,0.0,2.0
26061,19.0,0.0,1.0,0.0,1.0,0.0,2.0
26062,56.0,0.0,1.0,0.0,1.0,0.0,3.0
26063,39.0,0.0,2.0,0.0,0.0,0.0,2.0
26064,59.0,0.0,1.0,0.0,2.0,0.0,3.0
26065,20.0,0.0,0.0,0.0,0.0,0.0,1.0
26066,277.0,2.0,11.0,0.0,3.0,3.0,20.0
26067,38.0,0.0,1.0,0.0,1.0,0.0,1.0
26068,31.0,0.0,0.0,0.0,0.0,0.0,3.0
26069,129.0,0.0,8.0,0.0,1.0,0.0,12.0
26070,677.0,2.0,29.0,0.0,4.0,2.0,49.0
26071,746.0,0.0,28.0,1.0,4.0,6.0,39.0
26072,396.0,3.0,31.0,0.0,4.0,4.0,30.0
27001,1147.0,6.0,67.0,0.0,11.0,2.0,75.0
27002,7800.0,31.0,345.0,13.0,63.0,46.0,487.0
27003,2645.0,5.0,119.0,3.0,25.0,14.0,129.0
27004,21888.0,222.0,1616.0,116.0,355.0,297.0,2122.0
27005,5108.0,15.0,257.0,6.0,46.0,24.0,408.0
27006,2363.0,9.0,119.0,5.0,23.0,14.0,156.0
27007,1503.0,5.0,71.0,4.0,4.0,10.0,93.0
27008,3491.0,9.0,156.0,4.0,28.0,18.0,165.0
27009,387.0,3.0,27.0,0.0,3.0,5.0,48.0
27010,1774.0,5.0,89.0,1.0,11.0,6.0,108.0
27011,592.0,3.0,36.0,1.0,4.0,4.0,45.0
27012,3629.0,9.0,131.0,5.0,38.0,29.0,215.0
27013,2251.0,5.0,108.0,3.0,9.0,11.0,129.0
27014,2225.0,4.0,132.0,3.0,15.0,23.0,184.0
27015,730.0,4.0,43.0,0.0,8.0,5.0,66.0
27016,1711.0,8.0,86.0,4.0,14.0,8.0,115.0
27017,1741.0,8.0,68.0,2.0,15.0,1.0,74.0
28001,464.0,0.0,25.0,1.0,6.0,6.0,31.0
28002,928.0,1.0,32.0,0.0,6.0,2.0,54.0
28003,5552.0,42.0,339.0,24.0,69.0,64.0,351.0
28004,192.0,1.0,12.0,0.0,1.0,0.0,9.0
28005,140.0,1.0,3.0,0.0,0.0,0.0,4.0
28006,92.0,0.0,3.0,0.0,0.0,1.0,3.0
28007,813.0,1.0,25.0,0.0,1.0,1.0,39.0
28008,29.0,1.0,5.0,0.0,0.0,0.0,6.0
28009,5608.0,23.0,335.0,11.0,58.0,45.0,452.0
28010,56.0,0.0,0.0,0.0,1.0,0.0,4.0
28011,135.0,1.0,12.0,0.0,2.0,4.0,10.0
28012,1578.0,1.0,45.0,3.0,8.0,2.0,60.0
28013,77.0,1.0,11.0,0.0,6.0,1.0,9.0
28014,141.0,1.0,6.0,0.0,0.0,0.0,2.0
28015,662.0,4.0,29.0,0.0,2.0,3.0,30.0
28016,539.0,3.0,28.0,0.0,3.0,3.0,25.0
28017,400.0,4.0,13.0,0.0,3.0,2.0,16.0
28018,267.0,0.0,16.0,1.0,0.0,0.0,17.0
28019,252.0,0.0,7.0,0.0,3.0,2.0,9.0
28020,41.0,0.0,0.0,0.0,0.0,0.0,5.0
28021,4507.0,15.0,217.0,9.0,54.0,30.0,325.0
28022,17342.0,105.0,865.0,82.0,160.0,110.0,1186.0
28023,86.0,0.0,2.0,0.0,0.0,1.0,5.0
28024,237.0,0.0,14.0,0.0,0.0,1.0,9.0
28025,1733.0,1.0,55.0,2.0,11.0,7.0,103.0
28026,102.0,0.0,2.0,0.0,0.0,1.0,4.0
28027,11074.0,78.0,965.0,48.0,170.0,142.0,1193.0
28028,122.0,1.0,3.0,0.0,0.0,0.0,2.0
28029,364.0,0.0,11.0,0.0,3.0,0.0,20.0
28030,524.0,2.0,24.0,0.0,9.0,3.0,24.0
28031,71.0,0.0,2.0,0.0,0.0,1.0,5.0
28032,19786.0,112.0,1036.0,136.0,221.0,145.0,1558.0
28033,4285.0,11.0,205.0,7.0,27.0,20.0,268.0
28034,118.0,1.0,4.0,0.0,0.0,1.0,5.0
28035,1591.0,7.0,85.0,2.0,12.0,13.0,114.0
28036,14.0,0.0,1.0,0.0,0.0,0.0,0.0
28037,763.0,0.0,27.0,1.0,0.0,3.0,33.0
28038,12272.0,98.0,946.0,38.0,173.0,136.0,1237.0
28039,887.0,3.0,28.0,0.0,1.0,2.0,35.0
28040,2873.0,7.0,152.0,5.0,19.0,11.0,181.0
28041,10632.0,91.0,836.0,49.0,196.0,153.0,885.0
28042,92.0,0.0,3.0,0.0,1.0,0.0,5.0
28043,630.0,2.0,29.0,2.0,5.0,5.0,43.0
29001,548.0,1.0,6.0,0.0,2.0,1.0,17.0
29002,728.0,10.0,30.0,2.0,9.0,11.0,36.0
29003,57.0,0.0,2.0,0.0,1.0,1.0,8.0
29004,368.0,0.0,5.0,0.0,2.0,1.0,14.0
29005,7152.0,17.0,229.0,7.0,30.0,18.0,391.0
29006,2635.0,4.0,65.0,0.0,11.0,13.0,114.0
29007,888.0,2.0,16.0,1.0,2.0,1.0,42.0
29008,507.0,0.0,11.0,0.0,2.0,2.0,20.0
29009,158.0,0.0,5.0,0.0,0.0,0.0,5.0
29010,6005.0,7.0,144.0,5.0,27.0,13.0,219.0
29011,149.0,0.0,2.0,0.0,0.0,1.0,7.0
29012,147.0,0.0,3.0,0.0,1.0,0.0,6.0
29013,4781.0,13.0,108.0,6.0,20.0,19.0,181.0
29014,548.0,1.0,9.0,0.0,2.0,2.0,20.0
29015,1711.0,5.0,23.0,2.0,6.0,2.0,43.0
29016,506.0,2.0,9.0,0.0,3.0,1.0,14.0
29017,566.0,0.0,6.0,0.0,1.0,1.0,13.0
29018,1989.0,4.0,27.0,1.0,6.0,5.0,53.0
29019,1060.0,1.0,18.0,1.0,2.0,4.0,21.0
29020,390.0,0.0,10.0,0.0,1.0,1.0,17.0
29021,780.0,1.0,19.0,1.0,4.0,0.0,25.0
29022,138.0,0.0,5.0,1.0,0.0,1.0,6.0
29023,940.0,1.0,20.0,0.0,5.0,2.0,30.0
29024,948.0,2.0,18.0,0.0,8.0,4.0,24.0
29025,4245.0,0.0,83.0,2.0,11.0,6.0,138.0
29026,765.0,4.0,30.0,0.0,3.0,4.0,39.0
29027,700.0,0.0,14.0,0.0,1.0,2.0,15.0
29028,1105.0,3.0,20.0,3.0,0.0,3.0,19.0
29029,144.0,0.0,5.0,0.0,0.0,2.0,7.0
29030,419.0,0.0,13.0,0.0,4.0,1.0,12.0
29031,1302.0,8.0,32.0,7.0,7.0,5.0,39.0
29032,362.0,1.0,10.0,0.0,1.0,0.0,15.0
29033,6483.0,38.0,291.0,20.0,83.0,59.0,503.0
29034,1412.0,6.0,41.0,2.0,7.0,10.0,61.0
29035,323.0,0.0,3.0,0.0,1.0,1.0,14.0
29036,763.0,2.0,20.0,0.0,1.0,3.0,24.0
29037,327.0,0.0,10.0,0.0,1.0,1.0,5.0
29038,654.0,4.0,16.0,3.0,1.0,7.0,28.0
29039,1406.0,2.0,31.0,2.0,6.0,6.0,37.0
29040,201.0,0.0,4.0,0.0,2.0,1.0,9.0
29041,1773.0,5.0,40.0,7.0,6.0,10.0,43.0
29042,827.0,2.0,20.0,1.0,1.0,4.0,19.0
29043,1133.0,4.0,36.0,3.0,6.0,10.0,56.0
29044,3200.0,4.0,63.0,1.0,9.0,9.0,87.0
29045,290.0,0.0,5.0,0.0,0.0,1.0,10.0
29046,174.0,0.0,9.0,0.0,1.0,0.0,23.0
29047,129.0,0.0,4.0,0.0,2.0,0.0,7.0
29048,1027.0,1.0,22.0,3.0,5.0,1.0,35.0
29049,284.0,0.0,6.0,0.0,1.0,0.0,6.0
29050,753.0,1.0,11.0,0.0,1.0,0.0,12.0
29051,205.0,0.0,5.0,0.0,1.0,2.0,7.0
29052,248.0,0.0,5.0,0.0,0.0,1.0,8.0
29053,624.0,0.0,4.0,0.0,2.0,1.0,43.0
29054,332.0,0.0,4.0,0.0,0.0,1.0,10.0
29055,139.0,0.0,3.0,0.0,1.0,1.0,5.0
29056,351.0,0.0,7.0,0.0,1.0,3.0,6.0
29057,280.0,0.0,6.0,0.0,0.0,2.0,5.0
29058,506.0,0.0,6.0,0.0,2.0,1.0,6.0
29059,453.0,0.0,9.0,1.0,4.0,2.0,10.0
29060,206.0,2.0,12.0,4.0,5.0,6.0,9.0
30001,87.0,0.0,4.0,0.0,0.0,0.0,6.0
30002,298.0,0.0,3.0,0.0,2.0,0.0,7.0
30003,3929.0,7.0,163.0,4.0,30.0,15.0,247.0
30004,491.0,0.0,9.0,1.0,2.0,1.0,21.0
30005,152.0,0.0,4.0,0.0,0.0,1.0,6.0
30006,221.0,1.0,9.0,0.0,0.0,0.0,4.0
30007,99.0,0.0,2.0,0.0,0.0,1.0,5.0
30008,97.0,0.0,3.0,0.0,0.0,1.0,2.0
30009,615.0,3.0,21.0,0.0,1.0,0.0,24.0
30010,1711.0,4.0,56.0,0.0,3.0,4.0,55.0
30011,1595.0,4.0,116.0,6.0,23.0,14.0,107.0
30012,122.0,0.0,3.0,0.0,0.0,1.0,4.0
30013,1541.0,4.0,55.0,0.0,7.0,8.0,74.0
30014,1085.0,7.0,40.0,4.0,5.0,7.0,46.0
30015,1002.0,1.0,26.0,0.0,5.0,1.0,33.0
30016,1570.0,4.0,87.0,2.0,21.0,5.0,126.0
30017,68.0,0.0,1.0,0.0,0.0,1.0,5.0
30018,26.0,0.0,0.0,0.0,0.0,1.0,3.0
30019,111.0,0.0,5.0,0.0,1.0,0.0,4.0
30020,96.0,0.0,1.0,0.0,0.0,1.0,3.0
30021,804.0,2.0,15.0,4.0,5.0,0.0,27.0
30022,571.0,0.0,13.0,0.0,6.0,0.0,14.0
30023,564.0,2.0,12.0,0.0,1.0,2.0,18.0
30024,222.0,0.0,4.0,0.0,0.0,1.0,10.0
30025,412.0,0.0,4.0,0.0,0.0,1.0,13.0
30026,974.0,4.0,59.0,3.0,9.0,7.0,70.0
30027,126.0,1.0,4.0,0.0,0.0,1.0,5.0
30028,5850.0,63.0,474.0,22.0,84.0,91.0,650.0
30029,65.0,0.0,0.0,0.0,0.0,1.0,5.0
30030,2205.0,5.0,61.0,1.0,10.0,9.0,80.0
30031,62.0,0.0,4.0,0.0,2.0,2.0,5.0
30032,1736.0,3.0,75.0,0.0,21.0,19.0,83.0
30033,449.0,1.0,12.0,0.0,1.0,0.0,27.0
30034,1174.0,4.0,35.0,1.0,8.0,2.0,67.0
30035,374.0,0.0,5.0,0.0,1.0,2.0,14.0
30036,447.0,0.0,10.0,0.0,0.0,1.0,9.0
30037,254.0,0.0,10.0,0.0,0.0,1.0,14.0
30038,3895.0,13.0,164.0,3.0,18.0,18.0,191.0
30039,14667.0,84.0,778.0,41.0,137.0,108.0,1080.0
30040,1255.0,2.0,36.0,2.0,5.0,3.0,61.0
30041,50.0,0.0,1.0,0.0,0.0,1.0,3.0
30042,202.0,0.0,3.0,0.0,1.0,0.0,7.0
30043,328.0,0.0,6.0,0.0,0.0,2.0,21.0
30044,11265.0,45.0,568.0,21.0,101.0,68.0,759.0
30045,2498.0,8.0,99.0,4.0,13.0,16.0,136.0
30046,323.0,0.0,10.0,0.0,2.0,2.0,17.0
30047,1552.0,2.0,52.0,1.0,6.0,5.0,68.0
30048,4224.0,5.0,124.0,5.0,22.0,17.0,232.0
30049,253.0,1.0,5.0,1.0,3.0,3.0,11.0
30050,397.0,0.0,9.0,0.0,2.0,0.0,9.0
30051,847.0,1.0,21.0,0.0,0.0,0.0,31.0
30052,259.0,1.0,12.0,3.0,2.0,0.0,15.0
30053,1231.0,2.0,45.0,1.0,2.0,5.0,43.0
30054,297.0,0.0,9.0,0.0,0.0,0.0,8.0
30055,120.0,2.0,4.0,0.0,1.0,0.0,6.0
30056,71.0,0.0,0.0,0.0,0.0,1.0,6.0
30057,236.0,0.0,4.0,0.0,2.0,0.0,5.0
30058,507.0,2.0,11.0,0.0,2.0,2.0,22.0
30059,407.0,1.0,7.0,1.0,5.0,3.0,20.0
30060,431.0,0.0,8.0,1.0,2.0,1.0,28.0
30061,2094.0,2.0,53.0,2.0,11.0,12.0,114.0
30062,547.0,1.0,15.0,0.0,0.0,0.0,23.0
30063,197.0,0.0,5.0,0.0,0.0,1.0,4.0
30064,85.0,1.0,2.0,0.0,0.0,0.0,3.0
30065,1240.0,3.0,57.0,6.0,9.0,6.0,68.0
30066,646.0,3.0,15.0,0.0,6.0,5.0,30.0
30067,435.0,1.0,6.0,0.0,0.0,0.0,9.0
30068,2465.0,9.0,84.0,2.0,8.0,16.0,104.0
30069,1206.0,3.0,25.0,0.0,4.0,1.0,59.0
30070,321.0,1.0,9.0,0.0,2.0,1.0,6.0
30071,2551.0,6.0,74.0,1.0,13.0,11.0,94.0
30072,400.0,0.0,16.0,0.0,2.0,2.0,17.0
30073,814.0,1.0,21.0,1.0,2.0,1.0,39.0
30074,107.0,2.0,8.0,2.0,5.0,2.0,8.0
30075,427.0,0.0,9.0,0.0,4.0,2.0,19.0
30076,53.0,0.0,0.0,0.0,0.0,1.0,4.0
30077,1558.0,4.0,51.0,0.0,18.0,6.0,90.0
30078,265.0,0.0,10.0,0.0,1.0,0.0,5.0
30079,206.0,0.0,3.0,0.0,0.0,1.0,6.0
30080,366.0,1.0,12.0,0.0,0.0,0.0,10.0
30081,611.0,1.0,10.0,0.0,1.0,0.0,24.0
30082,438.0,2.0,9.0,0.0,6.0,1.0,12.0
30083,359.0,1.0,5.0,0.0,1.0,0.0,13.0
30084,89.0,1.0,4.0,0.0,3.0,0.0,6.0
30085,1892.0,9.0,63.0,7.0,11.0,13.0,77.0
30086,844.0,4.0,20.0,1.0,5.0,3.0,23.0
30087,22651.0,115.0,1318.0,73.0,272.0,223.0,1489.0
30088,259.0,0.0,10.0,0.0,1.0,0.0,15.0
30089,1708.0,5.0,39.0,2.0,6.0,3.0,79.0
30090,231.0,0.0,13.0,0.0,2.0,3.0,13.0
30091,613.0,1.0,13.0,1.0,0.0,6.0,24.0
30092,1351.0,1.0,36.0,0.0,5.0,2.0,49.0
30093,350.0,0.0,11.0,2.0,3.0,1.0,14.0
30094,1216.0,1.0,28.0,1.0,6.0,3.0,47.0
30095,346.0,1.0,6.0,0.0,1.0,0.0,11.0
30096,59.0,0.0,0.0,0.0,2.0,0.0,2.0
30097,1132.0,2.0,47.0,4.0,7.0,4.0,57.0
30098,54.0,0.0,2.0,0.0,0.0,1.0,7.0
30099,580.0,0.0,14.0,0.0,1.0,1.0,15.0
30100,275.0,0.0,10.0,0.0,0.0,1.0,11.0
30101,607.0,1.0,13.0,0.0,2.0,1.0,19.0
30102,4812.0,15.0,201.0,10.0,46.0,29.0,255.0
30103,224.0,1.0,2.0,0.0,0.0,0.0,12.0
30104,314.0,1.0,11.0,0.0,2.0,1.0,17.0
30105,1199.0,4.0,39.0,0.0,4.0,11.0,63.0
30106,214.0,0.0,5.0,0.0,1.0,2.0,8.0
30107,25.0,0.0,0.0,0.0,0.0,1.0,1.0
30108,6454.0,26.0,296.0,11.0,58.0,51.0,458.0
30109,2526.0,2.0,67.0,1.0,12.0,6.0,89.0
30110,65.0,0.0,1.0,0.0,0.0,0.0,0.0
30111,476.0,0.0,9.0,1.0,2.0,0.0,18.0
30112,1174.0,1.0,16.0,0.0,4.0,3.0,39.0
30113,108.0,0.0,5.0,0.0,0.0,1.0,6.0
30114,210.0,0.0,8.0,0.0,1.0,1.0,9.0
30115,1193.0,3.0,35.0,0.0,10.0,5.0,32.0
30116,686.0,0.0,15.0,0.0,5.0,2.0,24.0
30117,420.0,2.0,12.0,0.0,0.0,0.0,6.0
30118,9066.0,34.0,414.0,25.0,75.0,55.0,589.0
30119,298.0,0.0,7.0,0.0,0.0,1.0,10.0
30120,585.0,0.0,11.0,0.0,2.0,1.0,22.0
30121,417.0,2.0,20.0,0.0,3.0,4.0,18.0
30122,482.0,0.0,13.0,0.0,3.0,1.0,23.0
30123,2705.0,14.0,120.0,2.0,26.0,13.0,177.0
30124,4270.0,13.0,121.0,1.0,21.0,16.0,206.0
30125,977.0,1.0,31.0,1.0,5.0,1.0,32.0
30126,447.0,1.0,10.0,0.0,3.0,0.0,14.0
30127,221.0,0.0,4.0,0.0,0.0,2.0,7.0
30128,3869.0,4.0,94.0,7.0,19.0,8.0,142.0
30129,682.0,1.0,8.0,0.0,1.0,0.0,26.0
30130,1534.0,1.0,39.0,0.0,12.0,1.0,59.0
30131,9702.0,37.0,474.0,18.0,98.0,48.0,596.0
30132,709.0,2.0,10.0,0.0,1.0,1.0,18.0
30133,1274.0,3.0,40.0,2.0,8.0,4.0,75.0
30134,245.0,0.0,12.0,1.0,3.0,2.0,16.0
30135,587.0,1.0,13.0,0.0,0.0,2.0,18.0
30136,204.0,0.0,7.0,0.0,0.0,0.0,12.0
30137,44.0,0.0,4.0,0.0,0.0,0.0,2.0
30138,1995.0,5.0,56.0,4.0,11.0,7.0,75.0
30139,144.0,1.0,6.0,0.0,1.0,1.0,8.0
30140,33.0,0.0,0.0,0.0,0.0,1.0,3.0
30141,3803.0,10.0,177.0,6.0,26.0,26.0,223.0
30142,691.0,2.0,23.0,0.0,3.0,4.0,28.0
30143,1124.0,2.0,21.0,0.0,8.0,1.0,56.0
30144,719.0,2.0,32.0,0.0,14.0,5.0,33.0
30145,447.0,2.0,14.0,0.0,2.0,0.0,18.0
30146,50.0,0.0,0.0,0.0,1.0,1.0,5.0
30147,339.0,0.0,7.0,0.0,3.0,0.0,15.0
30148,815.0,1.0,23.0,0.0,4.0,1.0,27.0
30149,631.0,0.0,19.0,0.0,6.0,1.0,28.0
30150,426.0,1.0,6.0,0.0,3.0,2.0,19.0
30151,363.0,2.0,7.0,0.0,1.0,0.0,21.0
30152,146.0,3.0,8.0,0.0,0.0,2.0,11.0
30153,81.0,0.0,2.0,0.0,0.0,1.0,4.0
30154,114.0,0.0,3.0,0.0,0.0,1.0,2.0
30155,1917.0,4.0,73.0,1.0,10.0,8.0,105.0
30156,67.0,0.0,2.0,0.0,0.0,1.0,2.0
30157,270.0,0.0,8.0,0.0,0.0,1.0,9.0
30158,1011.0,1.0,21.0,0.0,2.0,0.0,61.0
30159,296.0,0.0,7.0,0.0,2.0,1.0,2.0
30160,2883.0,0.0,69.0,2.0,14.0,9.0,120.0
30161,746.0,2.0,25.0,1.0,9.0,1.0,44.0
30162,84.0,0.0,2.0,0.0,0.0,1.0,2.0
30163,98.0,0.0,5.0,0.0,0.0,0.0,2.0
30164,584.0,2.0,16.0,0.0,4.0,3.0,26.0
30165,74.0,0.0,1.0,0.0,0.0,1.0,6.0
30166,106.0,0.0,3.0,0.0,0.0,1.0,4.0
30167,347.0,0.0,4.0,0.0,1.0,1.0,9.0
30168,208.0,0.0,5.0,0.0,0.0,1.0,9.0
30169,568.0,5.0,20.0,0.0,9.0,5.0,28.0
30170,45.0,0.0,3.0,0.0,0.0,1.0,1.0
30171,96.0,0.0,2.0,0.0,1.0,1.0,3.0
30172,458.0,1.0,8.0,0.0,2.0,0.0,16.0
30173,1042.0,2.0,23.0,2.0,4.0,3.0,42.0
30174,3704.0,10.0,107.0,4.0,15.0,11.0,170.0
30175,2140.0,4.0,78.0,1.0,14.0,8.0,102.0
30176,214.0,0.0,3.0,0.0,0.0,2.0,5.0
30177,91.0,1.0,3.0,0.0,0.0,0.0,2.0
30178,833.0,1.0,18.0,0.0,8.0,4.0,29.0
30179,130.0,0.0,1.0,0.0,0.0,1.0,13.0
30180,103.0,0.0,3.0,0.0,0.0,1.0,4.0
30181,1050.0,2.0,41.0,1.0,6.0,5.0,44.0
30182,252.0,0.0,9.0,0.0,1.0,1.0,14.0
30183,2935.0,1.0,51.0,0.0,6.0,9.0,82.0
30184,88.0,0.0,2.0,0.0,0.0,1.0,4.0
30185,147.0,0.0,8.0,0.0,2.0,1.0,4.0
30186,259.0,0.0,12.0,0.0,1.0,1.0,11.0
30187,80.0,0.0,1.0,0.0,1.0,0.0,4.0
30188,314.0,0.0,7.0,0.0,0.0,1.0,13.0
30189,5288.0,24.0,263.0,12.0,46.0,33.0,370.0
30190,134.0,0.0,5.0,0.0,2.0,1.0,7.0
30191,807.0,1.0,32.0,1.0,11.0,4.0,44.0
30192,920.0,2.0,25.0,0.0,2.0,1.0,49.0
30193,22714.0,153.0,1414.0,59.0,244.0,185.0,1903.0
30194,368.0,0.0,14.0,0.0,2.0,1.0,15.0
30195,146.0,0.0,5.0,0.0,1.0,1.0,3.0
30196,475.0,0.0,14.0,0.0,2.0,2.0,15.0
30197,293.0,0.0,5.0,0.0,1.0,1.0,3.0
30198,77.0,0.0,2.0,0.0,1.0,0.0,4.0
30199,408.0,1.0,9.0,0.0,2.0,0.0,14.0
30200,71.0,0.0,3.0,0.0,0.0,0.0,3.0
30201,624.0,2.0,25.0,0.0,1.0,1.0,32.0
30202,86.0,0.0,1.0,0.0,0.0,0.0,2.0
30203,291.0,0.0,7.0,0.0,0.0,0.0,7.0
30204,1676.0,0.0,44.0,1.0,12.0,9.0,91.0
30205,616.0,1.0,19.0,1.0,3.0,2.0,23.0
30206,1120.0,4.0,24.0,1.0,4.0,3.0,43.0
30207,1754.0,2.0,33.0,3.0,8.0,11.0,62.0
30208,897.0,1.0,25.0,1.0,5.0,1.0,41.0
30209,365.0,1.0,8.0,0.0,2.0,0.0,12.0
30210,276.0,1.0,4.0,0.0,0.0,0.0,16.0
30211,972.0,4.0,31.0,1.0,4.0,2.0,47.0
30212,161.0,1.0,7.0,0.0,0.0,0.0,9.0
31001,72.0,0.0,5.0,1.0,0.0,1.0,4.0
31002,513.0,1.0,17.0,1.0,2.0,1.0,23.0
31003,1297.0,0.0,14.0,0.0,2.0,0.0,30.0
31004,246.0,1.0,5.0,1.0,2.0,0.0,10.0
31005,117.0,0.0,6.0,0.0,0.0,0.0,7.0
31006,461.0,0.0,9.0,0.0,2.0,0.0,24.0
31007,374.0,0.0,9.0,0.0,2.0,1.0,20.0
31008,199.0,0.0,7.0,0.0,0.0,0.0,5.0
31009,191.0,0.0,9.0,0.0,2.0,2.0,17.0
31010,198.0,1.0,4.0,0.0,0.0,0.0,5.0
31011,478.0,2.0,29.0,1.0,6.0,2.0,34.0
31012,267.0,0.0,5.0,0.0,1.0,0.0,5.0
31013,327.0,1.0,14.0,0.0,4.0,3.0,18.0
31014,59.0,0.0,6.0,0.0,0.0,0.0,5.0
31015,208.0,0.0,6.0,0.0,0.0,1.0,12.0
31016,404.0,1.0,3.0,0.0,0.0,0.0,9.0
31017,48.0,0.0,1.0,0.0,0.0,0.0,4.0
31018,142.0,0.0,1.0,0.0,0.0,0.0,13.0
31019,987.0,2.0,33.0,0.0,2.0,4.0,27.0
31020,190.0,1.0,8.0,0.0,0.0,1.0,1.0
31021,178.0,1.0,7.0,0.0,1.0,1.0,11.0
31022,232.0,0.0,6.0,0.0,0.0,0.0,10.0
31023,265.0,0.0,9.0,0.0,0.0,0.0,12.0
31024,791.0,0.0,7.0,0.0,0.0,1.0,5.0
31025,598.0,2.0,9.0,1.0,1.0,4.0,9.0
31026,145.0,0.0,6.0,0.0,1.0,0.0,8.0
31027,525.0,0.0,13.0,1.0,2.0,2.0,31.0
31028,241.0,0.0,26.0,0.0,2.0,2.0,16.0
31029,333.0,0.0,8.0,0.0,2.0,0.0,17.0
31030,285.0,0.0,7.0,0.0,0.0,0.0,9.0
31031,162.0,0.0,2.0,0.0,0.0,2.0,8.0
31032,1069.0,0.0,20.0,0.0,4.0,1.0,25.0
31033,878.0,0.0,24.0,1.0,9.0,0.0,56.0
31034,164.0,1.0,4.0,0.0,1.0,0.0,12.0
31035,269.0,1.0,6.0,0.0,3.0,0.0,16.0
31036,300.0,0.0,9.0,0.0,4.0,1.0,17.0
31037,363.0,0.0,10.0,0.0,1.0,0.0,24.0
31038,1281.0,2.0,55.0,2.0,14.0,6.0,84.0
31039,186.0,2.0,9.0,0.0,0.0,0.0,7.0
31040,1794.0,3.0,68.0,2.0,6.0,7.0,76.0
31041,2279.0,6.0,105.0,6.0,15.0,13.0,129.0
31042,155.0,0.0,9.0,0.0,2.0,0.0,4.0
31043,149.0,0.0,6.0,0.0,1.0,0.0,12.0
31044,258.0,1.0,10.0,0.0,1.0,0.0,11.0
31045,104.0,1.0,3.0,0.0,0.0,0.0,11.0
31046,408.0,2.0,6.0,0.0,0.0,0.0,12.0
31047,707.0,1.0,10.0,0.0,0.0,0.0,7.0
31048,661.0,3.0,32.0,0.0,2.0,3.0,47.0
31049,708.0,0.0,7.0,0.0,1.0,2.0,2.0
31050,41089.0,309.0,3083.0,162.0,559.0,458.0,4033.0
31051,75.0,0.0,6.0,0.0,0.0,0.0,6.0
31052,1593.0,4.0,51.0,1.0,4.0,8.0,80.0
31053,889.0,1.0,13.0,0.0,1.0,1.0,31.0
31054,128.0,0.0,8.0,0.0,0.0,0.0,6.0
31055,181.0,0.0,5.0,0.0,1.0,0.0,3.0
31056,1868.0,1.0,40.0,0.0,7.0,1.0,67.0
31057,343.0,1.0,10.0,0.0,4.0,1.0,11.0
31058,1533.0,2.0,39.0,1.0,3.0,9.0,49.0
31059,3223.0,11.0,195.0,5.0,31.0,28.0,269.0
31060,59.0,0.0,3.0,0.0,1.0,1.0,3.0
31061,152.0,0.0,8.0,1.0,0.0,0.0,14.0
31062,207.0,0.0,8.0,0.0,1.0,0.0,5.0
31063,132.0,0.0,5.0,0.0,1.0,0.0,9.0
31064,41.0,0.0,2.0,0.0,2.0,0.0,5.0
31065,117.0,0.0,4.0,0.0,0.0,0.0,11.0
31066,229.0,1.0,8.0,0.0,1.0,4.0,16.0
31067,322.0,1.0,10.0,0.0,1.0,2.0,13.0
31068,178.0,1.0,8.0,0.0,0.0,0.0,10.0
31069,349.0,1.0,8.0,2.0,2.0,0.0,9.0
31070,214.0,0.0,13.0,0.0,0.0,0.0,9.0
31071,69.0,1.0,3.0,0.0,0.0,0.0,4.0
31072,106.0,1.0,2.0,0.0,0.0,0.0,9.0
31073,753.0,1.0,9.0,0.0,1.0,0.0,7.0
31074,170.0,0.0,9.0,0.0,0.0,1.0,7.0
31075,1227.0,1.0,11.0,0.0,3.0,0.0,18.0
31076,317.0,1.0,16.0,0.0,1.0,1.0,15.0
31077,205.0,1.0,6.0,0.0,0.0,0.0,6.0
31078,225.0,1.0,4.0,0.0,2.0,0.0,7.0
31079,2421.0,3.0,53.0,4.0,7.0,6.0,84.0
31080,1157.0,1.0,27.0,1.0,2.0,0.0,51.0
31081,197.0,0.0,4.0,0.0,0.0,0.0,7.0
31082,222.0,0.0,4.0,0.0,1.0,0.0,9.0
31083,177.0,0.0,10.0,0.0,3.0,2.0,12.0
31084,325.0,1.0,10.0,0.0,2.0,2.0,19.0
31085,1237.0,0.0,15.0,0.0,2.0,2.0,28.0
31086,138.0,0.0,2.0,0.0,1.0,0.0,3.0
31087,171.0,1.0,3.0,0.0,1.0,0.0,9.0
31088,97.0,0.0,3.0,0.0,0.0,0.0,3.0
31089,2490.0,7.0,94.0,2.0,7.0,9.0,193.0
31090,90.0,0.0,3.0,0.0,2.0,0.0,4.0
31091,731.0,1.0,21.0,0.0,4.0,1.0,33.0
31092,334.0,0.0,4.0,0.0,0.0,0.0,3.0
31093,628.0,0.0,19.0,1.0,7.0,1.0,36.0
31094,314.0,0.0,7.0,0.0,1.0,1.0,9.0
31095,139.0,1.0,4.0,0.0,1.0,0.0,10.0
31096,3245.0,7.0,126.0,4.0,13.0,20.0,174.0
31097,174.0,2.0,5.0,1.0,0.0,0.0,11.0
31098,915.0,1.0,20.0,0.0,2.0,0.0,27.0
31099,240.0,0.0,8.0,0.0,0.0,0.0,6.0
31100,89.0,0.0,4.0,0.0,0.0,0.0,4.0
31101,1837.0,11.0,123.0,14.0,25.0,32.0,150.0
31102,4252.0,9.0,212.0,9.0,30.0,22.0,292.0
31103,155.0,0.0,5.0,0.0,2.0,0.0,5.0
31104,243.0,1.0,5.0,0.0,0.0,0.0,4.0
31105,124.0,0.0,5.0,0.0,2.0,0.0,9.0
31106,105.0,0.0,9.0,0.0,0.0,0.0,10.0
32001,157.0,1.0,8.0,0.0,0.0,1.0,10.0
32002,91.0,1.0,4.0,0.0,0.0,0.0,4.0
32003,103.0,0.0,1.0,0.0,0.0,1.0,6.0
32004,244.0,0.0,3.0,0.0,0.0,1.0,9.0
32005,2015.0,9.0,64.0,6.0,19.0,8.0,89.0
32006,261.0,0.0,15.0,0.0,1.0,0.0,13.0
32007,449.0,2.0,23.0,2.0,2.0,1.0,22.0
32008,365.0,1.0,18.0,0.0,2.0,1.0,15.0
32009,358.0,0.0,7.0,3.0,0.0,1.0,13.0
32010,8413.0,27.0,340.0,15.0,61.0,40.0,478.0
32011,197.0,0.0,4.0,0.0,0.0,1.0,6.0
32012,111.0,0.0,5.0,0.0,0.0,0.0,2.0
32013,186.0,0.0,8.0,0.0,0.0,2.0,6.0
32014,386.0,1.0,14.0,0.0,3.0,1.0,15.0
32015,52.0,0.0,0.0,0.0,0.0,1.0,1.0
32016,608.0,0.0,16.0,1.0,1.0,1.0,22.0
32017,6657.0,30.0,312.0,19.0,78.0,58.0,393.0
32018,116.0,0.0,5.0,0.0,0.0,1.0,5.0
32019,1131.0,0.0,44.0,3.0,8.0,3.0,48.0
32020,3328.0,4.0,98.0,4.0,21.0,8.0,177.0
32021,143.0,0.0,2.0,0.0,0.0,1.0,4.0
32022,1161.0,2.0,33.0,0.0,3.0,4.0,54.0
32023,764.0,0.0,10.0,0.0,0.0,1.0,23.0
32024,2051.0,4.0,52.0,3.0,11.0,11.0,70.0
32025,440.0,1.0,11.0,0.0,1.0,0.0,19.0
32026,97.0,0.0,1.0,1.0,1.0,1.0,9.0
32027,44.0,0.0,0.0,0.0,0.0,1.0,0.0
32028,95.0,0.0,0.0,0.0,1.0,0.0,3.0
32029,856.0,1.0,28.0,2.0,5.0,2.0,39.0
32030,161.0,0.0,2.0,0.0,0.0,1.0,5.0
32031,347.0,1.0,14.0,0.0,2.0,0.0,7.0
32032,467.0,2.0,25.0,3.0,4.0,2.0,28.0
32033,170.0,0.0,3.0,0.0,2.0,1.0,6.0
32034,1585.0,1.0,26.0,0.0,4.0,4.0,49.0
32035,104.0,0.0,3.0,0.0,0.0,1.0,6.0
32036,1364.0,0.0,42.0,3.0,9.0,6.0,51.0
32037,393.0,1.0,11.0,0.0,3.0,0.0,19.0
32038,706.0,2.0,28.0,0.0,6.0,2.0,36.0
32039,2575.0,5.0,93.0,3.0,16.0,8.0,150.0
32040,380.0,0.0,7.0,1.0,2.0,0.0,9.0
32041,50.0,0.0,1.0,0.0,0.0,0.0,3.0
32042,2060.0,2.0,71.0,6.0,17.0,8.0,115.0
32043,47.0,0.0,2.0,0.0,0.0,0.0,1.0
32044,650.0,0.0,11.0,2.0,2.0,2.0,20.0
32045,395.0,0.0,11.0,0.0,1.0,0.0,18.0
32046,159.0,0.0,2.0,0.0,0.0,1.0,7.0
32047,343.0,0.0,14.0,0.0,1.0,3.0,18.0
32048,1657.0,2.0,32.0,3.0,11.0,2.0,69.0
32049,1198.0,3.0,27.0,1.0,5.0,2.0,50.0
32050,160.0,0.0,6.0,0.0,0.0,2.0,10.0
32051,849.0,0.0,31.0,0.0,2.0,4.0,25.0
32052,438.0,0.0,6.0,1.0,2.0,0.0,9.0
32053,429.0,0.0,8.0,0.0,3.0,1.0,17.0
32054,352.0,1.0,9.0,0.0,2.0,0.0,6.0
32055,1116.0,2.0,28.0,0.0,5.0,3.0,48.0
32056,7387.0,64.0,513.0,25.0,112.0,76.0,632.0
32057,606.0,1.0,23.0,0.0,3.0,0.0,10.0
32058,150.0,0.0,3.0,0.0,1.0,0.0,6.0
